year,sexo,grupo110,ndefun_sinadef,ndefun_inei,diferencia,pct_diferencia,ratio
2017,Hombre,Accidentes de transporte terrestre,1506,1262,-244,-19.334389857369256,1.1933438985736926
2017,Hombre,Accidentes por Ahogamiento y sumersión,82,711,629,88.46694796061885,0.11533052039381153
2017,Hombre,Accidentes por disparo de arma de fuego,31,173,142,82.08092485549133,0.1791907514450867
2017,Hombre,Accidentes por fuerzas de la naturaleza,15,49,34,69.38775510204081,0.30612244897959184
2017,Hombre,Accidentes por fuerzas mecanicas (inanimadas y animadas),4,34,30,88.23529411764706,0.11764705882352941
2017,Hombre,Accidentes por otro tipo de transporte,80,421,341,80.9976247030879,0.19002375296912113
2017,Hombre,Accidentes que obstruyen la respiración,64,1093,1029,94.14455626715463,0.0585544373284538
2017,Hombre,Afecciones de la pleura,163,233,70,30.042918454935624,0.6995708154506438
2017,Hombre,"Anemias hemoliticas, aplasticas y otras anemias",553,403,-150,-37.220843672456574,1.3722084367245657
2017,Hombre,Aneurimas,51,152,101,66.44736842105263,0.3355263157894737
2017,Hombre,"Apendicitis, hernia de la cavidad abdominal y obstrucción intestinal",391,854,463,54.215456674473074,0.45784543325526933
2017,Hombre,Arteriosclerosis,51,27,-24,-88.88888888888889,1.8888888888888888
2017,Hombre,Asma,51,326,275,84.3558282208589,0.15644171779141106
2017,Hombre,Caídas,30,162,132,81.48148148148148,0.18518518518518517
2017,Hombre,Ciertas enfermedades inmunoprevenibles,20,15,-5,-33.33333333333333,1.3333333333333333
2017,Hombre,Ciertas enfermedades transmitidas por vectores y rabia,39,96,57,59.375,0.40625
2017,Hombre,Cirrosis y ciertas otras enfermedades crónicas del hígado,1690,4554,2864,62.88976723759332,0.37110232762406675
2017,Hombre,Defectos de la coagulación en organos hematopoyeticos y trastornos que afectan al mecanismo de la inmunidad,106,272,166,61.029411764705884,0.3897058823529412
2017,Hombre,Deficiencias nutricionales y anemias nutricionales,872,985,113,11.472081218274113,0.8852791878172589
2017,Hombre,Degeneracion de sistemas multiples,38,54,16,29.629629629629626,0.7037037037037037
2017,Hombre,Diabetes mellitus,1360,2844,1484,52.18002812939522,0.4781997187060478
2017,Hombre,Edema Pulmonar,181,470,289,61.48936170212767,0.3851063829787234
2017,Hombre,Edema cerebral,269,1250,981,78.48,0.2152
2017,Hombre,"Embolia, trombosis arteriales y otros trastornos arteriales o arteriolares",100,79,-21,-26.582278481012654,1.2658227848101267
2017,Hombre,Encefalitis viral,7,57,50,87.71929824561403,0.12280701754385964
2017,Hombre,"Encefalitis, mielitis y encefalomielitis",57,146,89,60.95890410958904,0.3904109589041096
2017,Hombre,"Enfermedad cardiopulmonar, enfermedades de la circulación pulmonar",95,1102,1007,91.37931034482759,0.08620689655172414
2017,Hombre,Enfermedad de Alzheimer,85,133,48,36.09022556390977,0.6390977443609023
2017,Hombre,Enfermedad del parkinson,153,247,94,38.05668016194332,0.6194331983805668
2017,Hombre,Enfermedad por el VIH (SIDA),556,1126,570,50.62166962699822,0.4937833037300178
2017,Hombre,Enfermedad pulmonar intersticial,1293,2985,1692,56.68341708542714,0.43316582914572865
2017,Hombre,Enfermedad pulmonar obstructiva cronica (EPOC),431,941,510,54.19766206163656,0.4580233793836344
2017,Hombre,Enfermedades cerebrovasculares,1460,4915,3455,70.29501525940996,0.2970498474059003
2017,Hombre,Enfermedades de la piel,236,463,227,49.0280777537797,0.509719222462203
2017,Hombre,"Enfermedades del esofago, estomago y del duodeno",245,363,118,32.5068870523416,0.6749311294765841
2017,Hombre,"Enfermedades del peritoneo, peritonitis y otros",197,435,238,54.71264367816092,0.4528735632183908
2017,Hombre,Enfermedades del pulmon debidas a agentes externos,221,758,537,70.84432717678101,0.29155672823219
2017,Hombre,Enfermedades del sistema urinario,481,811,330,40.6905055487053,0.593094944512947
2017,Hombre,Enfermedades hipertensivas,2133,1603,-530,-33.0630068621335,1.330630068621335
2017,Hombre,Enfermedades infecciosas intestinales,118,277,159,57.400722021660656,0.4259927797833935
2017,Hombre,Enfermedades isquémicas del corazón,1618,5739,4121,71.80693500609863,0.2819306499390138
2017,Hombre,"Envenenamientos por, y exposición a sustancias nocivas",13,142,129,90.84507042253522,0.09154929577464789
2017,Hombre,Epilepsia y estado de mal epileptico,148,288,140,48.61111111111111,0.5138888888888888
2017,Hombre,Esclerosis multiple,12,8,-4,-50.0,1.5
2017,Hombre,"Eventos relacionados al embarazo, parto y puerperio",84,0,-84,,
2017,Hombre,Exposición a la corriente eléctrica,17,101,84,83.16831683168317,0.16831683168316833
2017,Hombre,"Exposición al humo, fuego y llamas",4,107,103,96.26168224299066,0.037383177570093455
2017,Hombre,Feto y recién nacido afectados por ciertas afecciones materna,7,8,1,12.5,0.875
2017,Hombre,Feto y recién nacido afectados por complicaciones obstétrica,27,64,37,57.8125,0.421875
2017,Hombre,Fiebre reumática aguda y enfermedades cardíacas reumáticas cronicas,54,82,28,34.146341463414636,0.6585365853658537
2017,Hombre,"Hemorragia gastrointestinal (hematemesis, melena y las no especificadas)",218,613,395,64.43719412724307,0.3556280587275693
2017,Hombre,Hepatitis B,36,48,12,25.0,0.75
2017,Hombre,Hiperplasia de próstata,201,337,136,40.35608308605341,0.5964391691394659
2017,Hombre,Homicidios (agresiones infligidas por otra persona),573,501,-72,-14.37125748502994,1.1437125748502994
2017,Hombre,Incidentes ocurridos al paciente durante la atencion medica y quirurgica,20,86,66,76.74418604651163,0.23255813953488372
2017,Hombre,Infecciones especificas del periodo perinatal,155,611,456,74.63175122749591,0.25368248772504093
2017,Hombre,Infecciones respiratorias agudas altas,26,35,9,25.71428571428571,0.7428571428571429
2017,Hombre,Infecciones respiratorias agudas bajas,4356,11170,6814,61.002685765443154,0.3899731423455685
2017,Hombre,Insuficiencia cardíaca,655,1214,559,46.04612850082373,0.5395387149917628
2017,Hombre,"Insuficiencia renal, incluye la aguda, cronica y la no especificadas",1347,2161,814,37.66774641369736,0.6233225358630263
2017,Hombre,Insuficiencia respiratoria,851,4152,3301,79.50385356454721,0.20496146435452794
2017,Hombre,Las demás causas externas,1017,4384,3367,76.80200729927007,0.23197992700729927
2017,Hombre,Lesiones de intención no determinada,1106,950,-156,-16.42105263157895,1.1642105263157896
2017,Hombre,Leucemia,285,900,615,68.33333333333333,0.31666666666666665
2017,Hombre,"Malformaciones congénitas, deformidades y anomalías cromosomicas",464,1405,941,66.97508896797153,0.3302491103202847
2017,Hombre,Meningitis,42,93,51,54.83870967741935,0.45161290322580644
2017,Hombre,Neoplasia maligna de colon y de la unión rectosigmoidea,343,830,487,58.674698795180724,0.41325301204819276
2017,Hombre,Neoplasia maligna de estómago,908,2696,1788,66.32047477744807,0.3367952522255193
2017,Hombre,Neoplasia maligna de higado y vias biliares,471,1437,966,67.22338204592901,0.3277661795407098
2017,Hombre,Neoplasia maligna de la glandula tiroides y de otras glandulas endocrinas,32,98,66,67.3469387755102,0.32653061224489793
2017,Hombre,Neoplasia maligna de la mama,7,25,18,72.0,0.28
2017,Hombre,Neoplasia maligna de la piel,114,331,217,65.55891238670695,0.34441087613293053
2017,Hombre,Neoplasia maligna de la próstata,803,2209,1406,63.64870982344952,0.36351290176550477
2017,Hombre,"Neoplasia maligna de la tráquea, los bronquios y el pulmón",481,1449,968,66.80469289164941,0.33195307108350586
2017,Hombre,"Neoplasia maligna de los huesos, cartilagos y tejido conjuntivo",82,138,56,40.57971014492754,0.5942028985507246
2017,Hombre,"Neoplasia maligna de los órganos digestivos y del peritoneo, excepto estomago",163,628,465,74.04458598726114,0.25955414012738853
2017,Hombre,Neoplasia maligna de los órganos genitourinarios,280,812,532,65.51724137931035,0.3448275862068966
2017,Hombre,"Neoplasia maligna de los órganos respiratorios e intratorácicos, excepto traquea y pulmon",75,170,95,55.88235294117647,0.4411764705882353
2017,Hombre,"Neoplasia maligna de ojo, encefalo y de otras partes del sistema nervioso",223,531,308,58.00376647834275,0.4199623352165725
2017,Hombre,Neoplasia maligna de pancreas,231,616,385,62.5,0.375
2017,Hombre,"Neoplasia maligna de sitios mal definidos, de comportamiento incierto y los no especificados",506,1153,647,56.114483954900265,0.4388551604509974
2017,Hombre,"Neoplasia maligna de tejido linfático, de otros órganos hematopoyeticos",328,1082,754,69.68576709796673,0.3031423290203327
2017,Hombre,Neoplasia maligna del cuello del útero,4,0,-4,,
2017,Hombre,Neoplasia maligna del cuerpo del útero,1,0,-1,,
2017,Hombre,"Neoplasia maligna del labio, de la cavidad bucal y de la faringe",82,236,154,65.2542372881356,0.3474576271186441
2017,Hombre,"Neoplasia maligna del útero, parte no especificada",1,0,-1,,
2017,Hombre,Neoplasia maligna secundaria (metastasis),111,155,44,28.387096774193548,0.7161290322580646
2017,Hombre,Neoplasias benignas,49,71,22,30.985915492957744,0.6901408450704225
2017,Hombre,Otras ciertas afecciones originadas en el periodo perinatal,32,92,60,65.21739130434783,0.34782608695652173
2017,Hombre,Otras enfermedades del sistema circulatorio,576,195,-381,-195.3846153846154,2.953846153846154
2017,Hombre,Otras enfermedades del sistema digestivo,18,724,706,97.51381215469614,0.024861878453038673
2017,Hombre,"Otras enfermedades del sistema nervioso, excepto meningitis",196,1195,999,83.59832635983263,0.16401673640167364
2017,Hombre,Otras enfermedades del sistema respiratorio,71,198,127,64.14141414141415,0.35858585858585856
2017,Hombre,Otras enfermedades infecciosas y parasitarias,198,313,115,36.74121405750799,0.6325878594249201
2017,Hombre,Paro cardiaco,523,1674,1151,68.75746714456392,0.31242532855436084
2017,Hombre,Resto de las demas enfermedades,13847,534,-13313,-2493.071161048689,25.93071161048689
2017,Hombre,"Retardo del crecimiento fetal, desnutrición fetal, gestación",383,508,125,24.606299212598426,0.7539370078740157
2017,Hombre,"Septicemia, excepto neonatal",1129,4972,3843,77.29283990345938,0.22707160096540627
2017,Hombre,Suicidios (lesiones autoinfligidas intencionalmente),357,451,94,20.84257206208426,0.7915742793791575
2017,Hombre,Sífilis congénita,2,6,4,66.66666666666666,0.3333333333333333
2017,Hombre,Trastornos cardiovasculares originados en el periodo perinatal,9,53,44,83.01886792452831,0.16981132075471697
2017,Hombre,"Trastornos de la glandula tiroides, endocrinas y otras metabolicas",325,633,308,48.657187993680886,0.5134281200631912
2017,Hombre,"Trastornos de la vesícula biliar, vias biliares y del pancreas",248,698,450,64.46991404011462,0.3553008595988539
2017,Hombre,Trastornos del sistema digestivo del feto y del recien nacido,18,98,80,81.63265306122449,0.1836734693877551
2017,Hombre,Trastornos endocrinos y metabolicos del feto y del recien nacido,23,4,-19,-475.0,5.75
2017,Hombre,Trastornos hemorragicos y hematologicos del feto y del recien nacido,29,76,47,61.8421052631579,0.3815789473684211
2017,Hombre,Trastornos mentales y del comportamiento,313,338,25,7.396449704142012,0.9260355029585798
2017,Hombre,Trastornos respiratorios específicos del periodo perinatal,183,806,623,77.2952853598015,0.22704714640198512
2017,Hombre,Trastornos respiratorios no especificados,65,239,174,72.80334728033473,0.2719665271966527
2017,Hombre,Tuberculosis,544,1725,1181,68.46376811594203,0.3153623188405797
2017,Mujer,Accidentes de transporte terrestre,559,552,-7,-1.2681159420289856,1.0126811594202898
2017,Mujer,Accidentes por Ahogamiento y sumersión,25,164,139,84.7560975609756,0.1524390243902439
2017,Mujer,Accidentes por disparo de arma de fuego,3,24,21,87.5,0.125
2017,Mujer,Accidentes por fuerzas de la naturaleza,16,41,25,60.97560975609756,0.3902439024390244
2017,Mujer,Accidentes por fuerzas mecanicas (inanimadas y animadas),1,20,19,95.0,0.05
2017,Mujer,Accidentes por otro tipo de transporte,43,184,141,76.63043478260869,0.23369565217391305
2017,Mujer,Accidentes que obstruyen la respiración,28,506,478,94.46640316205533,0.05533596837944664
2017,Mujer,Afecciones de la pleura,119,162,43,26.543209876543212,0.7345679012345679
2017,Mujer,"Anemias hemoliticas, aplasticas y otras anemias",570,454,-116,-25.55066079295154,1.2555066079295154
2017,Mujer,Aneurimas,38,74,36,48.64864864864865,0.5135135135135135
2017,Mujer,"Apendicitis, hernia de la cavidad abdominal y obstrucción intestinal",243,534,291,54.49438202247191,0.4550561797752809
2017,Mujer,Arteriosclerosis,58,25,-33,-132.0,2.32
2017,Mujer,Asma,59,295,236,80.0,0.2
2017,Mujer,Caídas,5,71,66,92.95774647887323,0.07042253521126761
2017,Mujer,Ciertas enfermedades inmunoprevenibles,14,19,5,26.31578947368421,0.7368421052631579
2017,Mujer,Ciertas enfermedades transmitidas por vectores y rabia,21,55,34,61.81818181818181,0.38181818181818183
2017,Mujer,Cirrosis y ciertas otras enfermedades crónicas del hígado,981,2284,1303,57.04903677758318,0.4295096322241681
2017,Mujer,Defectos de la coagulación en organos hematopoyeticos y trastornos que afectan al mecanismo de la inmunidad,96,190,94,49.473684210526315,0.5052631578947369
2017,Mujer,Deficiencias nutricionales y anemias nutricionales,863,1061,198,18.661639962299716,0.8133836003770029
2017,Mujer,Degeneracion de sistemas multiples,21,37,16,43.24324324324324,0.5675675675675675
2017,Mujer,Diabetes mellitus,1458,2688,1230,45.75892857142857,0.5424107142857143
2017,Mujer,Edema Pulmonar,95,201,106,52.736318407960205,0.472636815920398
2017,Mujer,Edema cerebral,161,606,445,73.43234323432343,0.26567656765676567
2017,Mujer,"Embolia, trombosis arteriales y otros trastornos arteriales o arteriolares",96,90,-6,-6.666666666666667,1.0666666666666667
2017,Mujer,Encefalitis viral,6,37,31,83.78378378378379,0.16216216216216217
2017,Mujer,"Encefalitis, mielitis y encefalomielitis",37,100,63,63.0,0.37
2017,Mujer,"Enfermedad cardiopulmonar, enfermedades de la circulación pulmonar",96,1020,924,90.58823529411765,0.09411764705882353
2017,Mujer,Enfermedad de Alzheimer,139,200,61,30.5,0.695
2017,Mujer,Enfermedad del parkinson,89,162,73,45.06172839506173,0.5493827160493827
2017,Mujer,Enfermedad por el VIH (SIDA),149,272,123,45.220588235294116,0.5477941176470589
2017,Mujer,Enfermedad pulmonar intersticial,1131,2689,1558,57.93975455559688,0.4206024544440312
2017,Mujer,Enfermedad pulmonar obstructiva cronica (EPOC),432,883,451,51.075877689694224,0.48924122310305773
2017,Mujer,Enfermedades cerebrovasculares,1345,4598,3253,70.74815137016094,0.2925184862983906
2017,Mujer,Enfermedades de la piel,343,596,253,42.4496644295302,0.575503355704698
2017,Mujer,"Enfermedades del esofago, estomago y del duodeno",265,322,57,17.70186335403727,0.8229813664596274
2017,Mujer,"Enfermedades del peritoneo, peritonitis y otros",164,349,185,53.00859598853869,0.4699140401146132
2017,Mujer,Enfermedades del pulmon debidas a agentes externos,168,479,311,64.92693110647181,0.35073068893528186
2017,Mujer,Enfermedades del sistema urinario,658,1306,648,49.617151607963244,0.5038284839203675
2017,Mujer,Enfermedades hipertensivas,2254,1783,-471,-26.41615255187886,1.2641615255187886
2017,Mujer,Enfermedades infecciosas intestinales,108,253,145,57.31225296442688,0.4268774703557312
2017,Mujer,Enfermedades isquémicas del corazón,1184,3885,2701,69.52380952380952,0.3047619047619048
2017,Mujer,"Envenenamientos por, y exposición a sustancias nocivas",6,74,68,91.8918918918919,0.08108108108108109
2017,Mujer,Epilepsia y estado de mal epileptico,112,187,75,40.106951871657756,0.5989304812834224
2017,Mujer,Esclerosis multiple,22,24,2,8.333333333333332,0.9166666666666666
2017,Mujer,"Eventos relacionados al embarazo, parto y puerperio",131,603,472,78.27529021558873,0.21724709784411278
2017,Mujer,Exposición a la corriente eléctrica,1,24,23,95.83333333333334,0.041666666666666664
2017,Mujer,Feto y recién nacido afectados por ciertas afecciones materna,9,14,5,35.714285714285715,0.6428571428571429
2017,Mujer,Feto y recién nacido afectados por complicaciones obstétrica,22,79,57,72.15189873417721,0.27848101265822783
2017,Mujer,Fiebre reumática aguda y enfermedades cardíacas reumáticas cronicas,56,108,52,48.148148148148145,0.5185185185185185
2017,Mujer,"Hemorragia gastrointestinal (hematemesis, melena y las no especificadas)",198,443,245,55.30474040632054,0.4469525959367946
2017,Mujer,Hepatitis B,28,15,-13,-86.66666666666667,1.8666666666666667
2017,Mujer,Homicidios (agresiones infligidas por otra persona),141,128,-13,-10.15625,1.1015625
2017,Mujer,Incidentes ocurridos al paciente durante la atencion medica y quirurgica,24,62,38,61.29032258064516,0.3870967741935484
2017,Mujer,Infecciones especificas del periodo perinatal,139,461,322,69.84815618221259,0.30151843817787416
2017,Mujer,Infecciones respiratorias agudas altas,19,27,8,29.629629629629626,0.7037037037037037
2017,Mujer,Infecciones respiratorias agudas bajas,4103,10120,6017,59.45652173913043,0.40543478260869564
2017,Mujer,Insuficiencia cardíaca,716,1233,517,41.930251419302515,0.5806974858069749
2017,Mujer,"Insuficiencia renal, incluye la aguda, cronica y la no especificadas",1200,1807,607,33.591588267847264,0.6640841173215274
2017,Mujer,Insuficiencia respiratoria,821,3459,2638,76.2648164209309,0.23735183579069094
2017,Mujer,Las demás causas externas,284,1682,1398,83.115338882283,0.16884661117717004
2017,Mujer,Lesiones de intención no determinada,374,280,-94,-33.57142857142857,1.3357142857142856
2017,Mujer,Leucemia,228,660,432,65.45454545454545,0.34545454545454546
2017,Mujer,"Malformaciones congénitas, deformidades y anomalías cromosomicas",447,1216,769,63.24013157894737,0.3675986842105263
2017,Mujer,Meningitis,23,64,41,64.0625,0.359375
2017,Mujer,Neoplasia maligna de colon y de la unión rectosigmoidea,387,867,480,55.36332179930796,0.4463667820069204
2017,Mujer,Neoplasia maligna de estómago,814,2066,1252,60.60019361084221,0.39399806389157793
2017,Mujer,Neoplasia maligna de higado y vias biliares,722,1863,1141,61.24530327428879,0.3875469672571122
2017,Mujer,Neoplasia maligna de la glandula tiroides y de otras glandulas endocrinas,87,228,141,61.8421052631579,0.3815789473684211
2017,Mujer,Neoplasia maligna de la mama,540,1476,936,63.41463414634146,0.36585365853658536
2017,Mujer,Neoplasia maligna de la piel,105,280,175,62.5,0.375
2017,Mujer,Neoplasia maligna de la próstata,12,0,-12,,
2017,Mujer,"Neoplasia maligna de la tráquea, los bronquios y el pulmón",423,1227,804,65.52567237163814,0.34474327628361856
2017,Mujer,"Neoplasia maligna de los huesos, cartilagos y tejido conjuntivo",76,97,21,21.649484536082475,0.7835051546391752
2017,Mujer,"Neoplasia maligna de los órganos digestivos y del peritoneo, excepto estomago",110,473,363,76.74418604651163,0.23255813953488372
2017,Mujer,Neoplasia maligna de los órganos genitourinarios,433,1105,672,60.81447963800905,0.3918552036199095
2017,Mujer,"Neoplasia maligna de los órganos respiratorios e intratorácicos, excepto traquea y pulmon",59,112,53,47.32142857142857,0.5267857142857143
2017,Mujer,"Neoplasia maligna de ojo, encefalo y de otras partes del sistema nervioso",205,382,177,46.33507853403142,0.5366492146596858
2017,Mujer,Neoplasia maligna de pancreas,320,753,433,57.50332005312085,0.4249667994687915
2017,Mujer,"Neoplasia maligna de sitios mal definidos, de comportamiento incierto y los no especificados",510,1051,541,51.47478591817317,0.48525214081826834
2017,Mujer,"Neoplasia maligna de tejido linfático, de otros órganos hematopoyeticos",293,742,449,60.512129380053906,0.3948787061994609
2017,Mujer,Neoplasia maligna del cuello del útero,593,1581,988,62.4920936116382,0.37507906388361795
2017,Mujer,Neoplasia maligna del cuerpo del útero,141,207,66,31.88405797101449,0.6811594202898551
2017,Mujer,"Neoplasia maligna del labio, de la cavidad bucal y de la faringe",65,157,92,58.59872611464968,0.4140127388535032
2017,Mujer,"Neoplasia maligna del útero, parte no especificada",157,510,353,69.2156862745098,0.307843137254902
2017,Mujer,Neoplasia maligna secundaria (metastasis),156,188,32,17.02127659574468,0.8297872340425532
2017,Mujer,Neoplasias benignas,61,62,1,1.6129032258064515,0.9838709677419355
2017,Mujer,Otras ciertas afecciones originadas en el periodo perinatal,21,81,60,74.07407407407408,0.25925925925925924
2017,Mujer,Otras enfermedades del sistema circulatorio,540,136,-404,-297.05882352941177,3.9705882352941178
2017,Mujer,Otras enfermedades del sistema digestivo,9,587,578,98.46678023850085,0.015332197614991482
2017,Mujer,"Otras enfermedades del sistema nervioso, excepto meningitis",151,815,664,81.47239263803681,0.18527607361963191
2017,Mujer,Otras enfermedades del sistema respiratorio,76,151,75,49.668874172185426,0.5033112582781457
2017,Mujer,Otras enfermedades infecciosas y parasitarias,130,219,89,40.63926940639269,0.593607305936073
2017,Mujer,Paro cardiaco,468,1238,770,62.197092084006464,0.3780290791599354
2017,Mujer,Resto de las demas enfermedades,11904,787,-11117,-1412.579415501906,15.12579415501906
2017,Mujer,"Retardo del crecimiento fetal, desnutrición fetal, gestación",290,370,80,21.62162162162162,0.7837837837837838
2017,Mujer,"Septicemia, excepto neonatal",1282,4830,3548,73.4575569358178,0.265424430641822
2017,Mujer,Suicidios (lesiones autoinfligidas intencionalmente),156,148,-8,-5.405405405405405,1.054054054054054
2017,Mujer,Sífilis congénita,1,4,3,75.0,0.25
2017,Mujer,Trastornos cardiovasculares originados en el periodo perinatal,9,37,28,75.67567567567568,0.24324324324324326
2017,Mujer,"Trastornos de la glandula tiroides, endocrinas y otras metabolicas",428,641,213,33.229329173166924,0.6677067082683308
2017,Mujer,"Trastornos de la vesícula biliar, vias biliares y del pancreas",264,660,396,60.0,0.4
2017,Mujer,Trastornos del sistema digestivo del feto y del recien nacido,23,35,12,34.285714285714285,0.6571428571428571
2017,Mujer,Trastornos endocrinos y metabolicos del feto y del recien nacido,15,16,1,6.25,0.9375
2017,Mujer,Trastornos hemorragicos y hematologicos del feto y del recien nacido,20,50,30,60.0,0.4
2017,Mujer,Trastornos mentales y del comportamiento,185,227,42,18.502202643171806,0.8149779735682819
2017,Mujer,Trastornos respiratorios específicos del periodo perinatal,150,679,529,77.90868924889544,0.22091310751104565
2017,Mujer,Trastornos respiratorios no especificados,64,229,165,72.0524017467249,0.2794759825327511
2017,Mujer,Tuberculosis,239,703,464,66.00284495021337,0.3399715504978663
2018,Hombre,Accidentes de transporte terrestre,1846,1408,-438,-31.107954545454547,1.3110795454545454
2018,Hombre,Accidentes por Ahogamiento y sumersión,60,655,595,90.83969465648855,0.0916030534351145
2018,Hombre,Accidentes por disparo de arma de fuego,13,111,98,88.28828828828829,0.11711711711711711
2018,Hombre,Accidentes por fuerzas de la naturaleza,16,88,72,81.81818181818183,0.18181818181818182
2018,Hombre,Accidentes por fuerzas mecanicas (inanimadas y animadas),2,38,36,94.73684210526315,0.05263157894736842
2018,Hombre,Accidentes por otro tipo de transporte,95,496,401,80.84677419354838,0.19153225806451613
2018,Hombre,Accidentes que obstruyen la respiración,41,1401,1360,97.07351891506067,0.02926481084939329
2018,Hombre,Afecciones de la pleura,127,177,50,28.24858757062147,0.7175141242937854
2018,Hombre,"Anemias hemoliticas, aplasticas y otras anemias",621,392,-229,-58.41836734693877,1.5841836734693877
2018,Hombre,Aneurimas,55,176,121,68.75,0.3125
2018,Hombre,"Apendicitis, hernia de la cavidad abdominal y obstrucción intestinal",352,965,613,63.523316062176164,0.36476683937823834
2018,Hombre,Arteriosclerosis,39,47,8,17.02127659574468,0.8297872340425532
2018,Hombre,Asma,54,379,325,85.75197889182058,0.1424802110817942
2018,Hombre,Caídas,38,207,169,81.64251207729468,0.18357487922705315
2018,Hombre,Ciertas enfermedades inmunoprevenibles,23,34,11,32.35294117647059,0.6764705882352942
2018,Hombre,Ciertas enfermedades transmitidas por vectores y rabia,19,63,44,69.84126984126983,0.30158730158730157
2018,Hombre,Cirrosis y ciertas otras enfermedades crónicas del hígado,1886,4993,3107,62.227117965151216,0.37772882034848787
2018,Hombre,Defectos de la coagulación en organos hematopoyeticos y trastornos que afectan al mecanismo de la inmunidad,134,289,155,53.63321799307958,0.46366782006920415
2018,Hombre,Deficiencias nutricionales y anemias nutricionales,815,928,113,12.176724137931034,0.8782327586206896
2018,Hombre,Degeneracion de sistemas multiples,41,1,-40,-4000.0,41.0
2018,Hombre,Diabetes mellitus,1614,4416,2802,63.45108695652174,0.3654891304347826
2018,Hombre,Edema Pulmonar,189,319,130,40.75235109717868,0.5924764890282131
2018,Hombre,Edema cerebral,248,1086,838,77.16390423572744,0.2283609576427256
2018,Hombre,"Embolia, trombosis arteriales y otros trastornos arteriales o arteriolares",129,102,-27,-26.47058823529412,1.2647058823529411
2018,Hombre,Encefalitis viral,6,46,40,86.95652173913044,0.13043478260869565
2018,Hombre,"Encefalitis, mielitis y encefalomielitis",46,131,85,64.8854961832061,0.3511450381679389
2018,Hombre,"Enfermedad cardiopulmonar, enfermedades de la circulación pulmonar",114,1265,1151,90.98814229249011,0.09011857707509881
2018,Hombre,Enfermedad de Alzheimer,84,209,125,59.80861244019139,0.4019138755980861
2018,Hombre,Enfermedad del parkinson,161,246,85,34.552845528455286,0.6544715447154471
2018,Hombre,Enfermedad por el VIH (SIDA),632,1478,846,57.23951285520974,0.42760487144790255
2018,Hombre,Enfermedad pulmonar intersticial,1415,3996,2581,64.5895895895896,0.3541041041041041
2018,Hombre,Enfermedad pulmonar obstructiva cronica (EPOC),440,1025,585,57.073170731707314,0.4292682926829268
2018,Hombre,Enfermedades cerebrovasculares,1693,5595,3902,69.7408400357462,0.30259159964253796
2018,Hombre,Enfermedades de la piel,260,455,195,42.857142857142854,0.5714285714285714
2018,Hombre,"Enfermedades del esofago, estomago y del duodeno",299,513,214,41.71539961013645,0.5828460038986355
2018,Hombre,"Enfermedades del peritoneo, peritonitis y otros",182,420,238,56.666666666666664,0.43333333333333335
2018,Hombre,Enfermedades del pulmon debidas a agentes externos,351,679,328,48.306332842415316,0.5169366715758469
2018,Hombre,Enfermedades del sistema urinario,441,1018,577,56.679764243614926,0.43320235756385067
2018,Hombre,Enfermedades hipertensivas,2413,1570,-843,-53.69426751592356,1.5369426751592357
2018,Hombre,Enfermedades infecciosas intestinales,130,340,210,61.76470588235294,0.38235294117647056
2018,Hombre,Enfermedades isquémicas del corazón,1642,5999,4357,72.62877146191032,0.2737122853808968
2018,Hombre,"Envenenamientos por, y exposición a sustancias nocivas",11,410,399,97.3170731707317,0.026829268292682926
2018,Hombre,Epilepsia y estado de mal epileptico,202,400,198,49.5,0.505
2018,Hombre,Esclerosis multiple,15,23,8,34.78260869565217,0.6521739130434783
2018,Hombre,"Eventos relacionados al embarazo, parto y puerperio",52,0,-52,,
2018,Hombre,Exposición a la corriente eléctrica,11,146,135,92.46575342465754,0.07534246575342465
2018,Hombre,"Exposición al humo, fuego y llamas",4,145,141,97.24137931034483,0.027586206896551724
2018,Hombre,Feto y recién nacido afectados por ciertas afecciones materna,11,40,29,72.5,0.275
2018,Hombre,Feto y recién nacido afectados por complicaciones obstétrica,30,49,19,38.775510204081634,0.6122448979591837
2018,Hombre,Fiebre reumática aguda y enfermedades cardíacas reumáticas cronicas,46,75,29,38.666666666666664,0.6133333333333333
2018,Hombre,"Hemorragia gastrointestinal (hematemesis, melena y las no especificadas)",248,562,314,55.871886120996436,0.4412811387900356
2018,Hombre,Hepatitis B,51,52,1,1.9230769230769231,0.9807692307692307
2018,Hombre,Hiperplasia de próstata,234,453,219,48.34437086092716,0.5165562913907285
2018,Hombre,Homicidios (agresiones infligidas por otra persona),771,1013,242,23.88943731490622,0.7611056268509379
2018,Hombre,Incidentes ocurridos al paciente durante la atencion medica y quirurgica,40,122,82,67.21311475409836,0.32786885245901637
2018,Hombre,Infecciones especificas del periodo perinatal,192,605,413,68.26446280991736,0.31735537190082647
2018,Hombre,Infecciones respiratorias agudas altas,19,24,5,20.833333333333336,0.7916666666666666
2018,Hombre,Infecciones respiratorias agudas bajas,4489,10246,5757,56.18778059730627,0.43812219402693736
2018,Hombre,Insuficiencia cardíaca,658,1086,428,39.41068139963168,0.6058931860036832
2018,Hombre,"Insuficiencia renal, incluye la aguda, cronica y la no especificadas",1628,2273,645,28.37659480862297,0.7162340519137703
2018,Hombre,Insuficiencia respiratoria,972,1476,504,34.146341463414636,0.6585365853658537
2018,Hombre,Las demás causas externas,1115,4642,3527,75.98018095648428,0.24019819043515725
2018,Hombre,Lesiones de intención no determinada,1388,648,-740,-114.19753086419753,2.1419753086419755
2018,Hombre,Leucemia,349,1073,724,67.47437092264678,0.32525629077353213
2018,Hombre,"Malformaciones congénitas, deformidades y anomalías cromosomicas",562,1305,743,56.934865900383144,0.4306513409961686
2018,Hombre,Meningitis,40,79,39,49.36708860759494,0.5063291139240507
2018,Hombre,Neoplasia maligna de colon y de la unión rectosigmoidea,398,905,507,56.02209944751381,0.4397790055248619
2018,Hombre,Neoplasia maligna de estómago,1018,2887,1869,64.73848285417388,0.35261517145826116
2018,Hombre,Neoplasia maligna de higado y vias biliares,530,1509,979,64.87740225314778,0.3512259774685222
2018,Hombre,Neoplasia maligna de la glandula tiroides y de otras glandulas endocrinas,54,143,89,62.23776223776224,0.3776223776223776
2018,Hombre,Neoplasia maligna de la mama,8,27,19,70.37037037037037,0.2962962962962963
2018,Hombre,Neoplasia maligna de la piel,129,348,219,62.93103448275862,0.3706896551724138
2018,Hombre,Neoplasia maligna de la próstata,920,2474,1554,62.81325788197252,0.3718674211802749
2018,Hombre,"Neoplasia maligna de la tráquea, los bronquios y el pulmón",531,1552,1021,65.7860824742268,0.34213917525773196
2018,Hombre,"Neoplasia maligna de los huesos, cartilagos y tejido conjuntivo",103,170,67,39.411764705882355,0.6058823529411764
2018,Hombre,"Neoplasia maligna de los órganos digestivos y del peritoneo, excepto estomago",174,683,509,74.52415812591508,0.2547584187408492
2018,Hombre,Neoplasia maligna de los órganos genitourinarios,345,966,621,64.28571428571429,0.35714285714285715
2018,Hombre,"Neoplasia maligna de los órganos respiratorios e intratorácicos, excepto traquea y pulmon",105,237,132,55.69620253164557,0.4430379746835443
2018,Hombre,"Neoplasia maligna de ojo, encefalo y de otras partes del sistema nervioso",243,586,343,58.53242320819113,0.41467576791808874
2018,Hombre,Neoplasia maligna de pancreas,307,756,449,59.39153439153439,0.4060846560846561
2018,Hombre,"Neoplasia maligna de sitios mal definidos, de comportamiento incierto y los no especificados",614,1292,678,52.47678018575851,0.47523219814241485
2018,Hombre,"Neoplasia maligna de tejido linfático, de otros órganos hematopoyeticos",458,1281,823,64.24668227946917,0.35753317720530836
2018,Hombre,Neoplasia maligna del cuello del útero,3,0,-3,,
2018,Hombre,Neoplasia maligna del cuerpo del útero,2,0,-2,,
2018,Hombre,"Neoplasia maligna del labio, de la cavidad bucal y de la faringe",117,307,190,61.88925081433225,0.3811074918566775
2018,Hombre,"Neoplasia maligna del útero, parte no especificada",1,0,-1,,
2018,Hombre,Neoplasia maligna secundaria (metastasis),86,62,-24,-38.70967741935484,1.3870967741935485
2018,Hombre,Neoplasias benignas,81,112,31,27.67857142857143,0.7232142857142857
2018,Hombre,Otras ciertas afecciones originadas en el periodo perinatal,24,63,39,61.904761904761905,0.38095238095238093
2018,Hombre,Otras enfermedades del sistema circulatorio,719,206,-513,-249.02912621359224,3.4902912621359223
2018,Hombre,Otras enfermedades del sistema digestivo,18,687,669,97.37991266375546,0.026200873362445413
2018,Hombre,"Otras enfermedades del sistema nervioso, excepto meningitis",206,975,769,78.87179487179488,0.21128205128205127
2018,Hombre,Otras enfermedades del sistema respiratorio,86,181,95,52.48618784530387,0.47513812154696133
2018,Hombre,Otras enfermedades infecciosas y parasitarias,287,342,55,16.08187134502924,0.8391812865497076
2018,Hombre,Paro cardiaco,453,679,226,33.28424153166421,0.6671575846833578
2018,Hombre,Resto de las demas enfermedades,17281,691,-16590,-2400.8683068017367,25.008683068017366
2018,Hombre,"Retardo del crecimiento fetal, desnutrición fetal, gestación",476,315,-161,-51.11111111111111,1.511111111111111
2018,Hombre,"Septicemia, excepto neonatal",1400,2831,1431,50.54750971388202,0.4945249028611798
2018,Hombre,Suicidios (lesiones autoinfligidas intencionalmente),430,550,120,21.818181818181817,0.7818181818181819
2018,Hombre,Sífilis congénita,1,3,2,66.66666666666666,0.3333333333333333
2018,Hombre,Trastornos cardiovasculares originados en el periodo perinatal,11,37,26,70.27027027027027,0.2972972972972973
2018,Hombre,"Trastornos de la glandula tiroides, endocrinas y otras metabolicas",437,611,174,28.477905073649758,0.7152209492635024
2018,Hombre,"Trastornos de la vesícula biliar, vias biliares y del pancreas",252,771,519,67.31517509727627,0.32684824902723736
2018,Hombre,Trastornos del sistema digestivo del feto y del recien nacido,29,79,50,63.29113924050633,0.3670886075949367
2018,Hombre,Trastornos endocrinos y metabolicos del feto y del recien nacido,22,3,-19,-633.3333333333333,7.333333333333333
2018,Hombre,Trastornos hemorragicos y hematologicos del feto y del recien nacido,39,96,57,59.375,0.40625
2018,Hombre,Trastornos mentales y del comportamiento,377,322,-55,-17.080745341614907,1.170807453416149
2018,Hombre,Trastornos respiratorios específicos del periodo perinatal,244,1145,901,78.68995633187772,0.2131004366812227
2018,Hombre,Trastornos respiratorios no especificados,44,262,218,83.20610687022901,0.16793893129770993
2018,Hombre,Tuberculosis,622,2054,1432,69.71762414800389,0.3028237585199611
2018,Mujer,Accidentes de transporte terrestre,644,470,-174,-37.02127659574468,1.3702127659574468
2018,Mujer,Accidentes por Ahogamiento y sumersión,20,180,160,88.88888888888889,0.1111111111111111
2018,Mujer,Accidentes por fuerzas de la naturaleza,7,62,55,88.70967741935483,0.11290322580645161
2018,Mujer,Accidentes por fuerzas mecanicas (inanimadas y animadas),1,16,15,93.75,0.0625
2018,Mujer,Accidentes por otro tipo de transporte,24,144,120,83.33333333333334,0.16666666666666666
2018,Mujer,Accidentes que obstruyen la respiración,26,592,566,95.6081081081081,0.04391891891891892
2018,Mujer,Afecciones de la pleura,97,129,32,24.8062015503876,0.751937984496124
2018,Mujer,"Anemias hemoliticas, aplasticas y otras anemias",614,393,-221,-56.234096692111954,1.5623409669211197
2018,Mujer,Aneurimas,58,132,74,56.060606060606055,0.4393939393939394
2018,Mujer,"Apendicitis, hernia de la cavidad abdominal y obstrucción intestinal",288,706,418,59.20679886685553,0.40793201133144474
2018,Mujer,Arteriosclerosis,52,33,-19,-57.57575757575758,1.5757575757575757
2018,Mujer,Asma,62,311,249,80.06430868167203,0.19935691318327975
2018,Mujer,Caídas,11,78,67,85.8974358974359,0.14102564102564102
2018,Mujer,Ciertas enfermedades inmunoprevenibles,16,25,9,36.0,0.64
2018,Mujer,Ciertas enfermedades transmitidas por vectores y rabia,12,25,13,52.0,0.48
2018,Mujer,Cirrosis y ciertas otras enfermedades crónicas del hígado,1145,2399,1254,52.27177990829512,0.47728220091704876
2018,Mujer,Defectos de la coagulación en organos hematopoyeticos y trastornos que afectan al mecanismo de la inmunidad,116,249,133,53.41365461847389,0.46586345381526106
2018,Mujer,Deficiencias nutricionales y anemias nutricionales,818,1000,182,18.2,0.818
2018,Mujer,Degeneracion de sistemas multiples,46,2,-44,-2200.0,23.0
2018,Mujer,Diabetes mellitus,1736,4226,2490,58.92096545196404,0.4107903454803597
2018,Mujer,Edema Pulmonar,142,149,7,4.697986577181208,0.9530201342281879
2018,Mujer,Edema cerebral,156,492,336,68.29268292682927,0.3170731707317073
2018,Mujer,"Embolia, trombosis arteriales y otros trastornos arteriales o arteriolares",134,127,-7,-5.511811023622047,1.0551181102362204
2018,Mujer,Encefalitis viral,5,28,23,82.14285714285714,0.17857142857142858
2018,Mujer,"Encefalitis, mielitis y encefalomielitis",42,121,79,65.28925619834712,0.34710743801652894
2018,Mujer,"Enfermedad cardiopulmonar, enfermedades de la circulación pulmonar",115,1232,1117,90.6655844155844,0.09334415584415584
2018,Mujer,Enfermedad de Alzheimer,108,268,160,59.70149253731343,0.40298507462686567
2018,Mujer,Enfermedad del parkinson,95,146,51,34.93150684931507,0.6506849315068494
2018,Mujer,Enfermedad por el VIH (SIDA),184,367,183,49.863760217983646,0.5013623978201635
2018,Mujer,Enfermedad pulmonar intersticial,1277,3669,2392,65.19487598800762,0.34805124011992367
2018,Mujer,Enfermedad pulmonar obstructiva cronica (EPOC),406,854,448,52.459016393442624,0.47540983606557374
2018,Mujer,Enfermedades cerebrovasculares,1608,5243,3635,69.33053595269884,0.30669464047301165
2018,Mujer,Enfermedades de la piel,344,588,244,41.49659863945578,0.5850340136054422
2018,Mujer,"Enfermedades del esofago, estomago y del duodeno",296,391,95,24.296675191815854,0.7570332480818415
2018,Mujer,"Enfermedades del peritoneo, peritonitis y otros",171,355,184,51.83098591549295,0.48169014084507045
2018,Mujer,Enfermedades del pulmon debidas a agentes externos,278,536,258,48.134328358208954,0.5186567164179104
2018,Mujer,Enfermedades del sistema urinario,663,1544,881,57.05958549222798,0.42940414507772023
2018,Mujer,Enfermedades hipertensivas,2509,1659,-850,-51.235684147076554,1.5123568414707655
2018,Mujer,Enfermedades infecciosas intestinales,128,335,207,61.791044776119406,0.382089552238806
2018,Mujer,Enfermedades isquémicas del corazón,1275,4012,2737,68.22033898305084,0.3177966101694915
2018,Mujer,"Envenenamientos por, y exposición a sustancias nocivas",5,201,196,97.51243781094527,0.024875621890547265
2018,Mujer,Epilepsia y estado de mal epileptico,115,239,124,51.88284518828452,0.4811715481171548
2018,Mujer,Esclerosis multiple,18,30,12,40.0,0.6
2018,Mujer,"Eventos relacionados al embarazo, parto y puerperio",111,383,272,71.01827676240208,0.2898172323759791
2018,Mujer,Exposición a la corriente eléctrica,2,40,38,95.0,0.05
2018,Mujer,"Exposición al humo, fuego y llamas",4,60,56,93.33333333333333,0.06666666666666667
2018,Mujer,Feto y recién nacido afectados por ciertas afecciones materna,12,23,11,47.82608695652174,0.5217391304347826
2018,Mujer,Feto y recién nacido afectados por complicaciones obstétrica,19,31,12,38.70967741935484,0.6129032258064516
2018,Mujer,Fiebre reumática aguda y enfermedades cardíacas reumáticas cronicas,85,139,54,38.84892086330935,0.6115107913669064
2018,Mujer,"Hemorragia gastrointestinal (hematemesis, melena y las no especificadas)",192,443,251,56.659142212189614,0.43340857787810383
2018,Mujer,Hepatitis B,27,21,-6,-28.57142857142857,1.2857142857142858
2018,Mujer,Hiperplasia de próstata,2,0,-2,,
2018,Mujer,Homicidios (agresiones infligidas por otra persona),165,177,12,6.779661016949152,0.9322033898305084
2018,Mujer,Incidentes ocurridos al paciente durante la atencion medica y quirurgica,17,103,86,83.49514563106796,0.1650485436893204
2018,Mujer,Infecciones especificas del periodo perinatal,144,526,382,72.6235741444867,0.2737642585551331
2018,Mujer,Infecciones respiratorias agudas altas,30,19,-11,-57.89473684210527,1.5789473684210527
2018,Mujer,Infecciones respiratorias agudas bajas,4393,9719,5326,54.799876530507255,0.4520012346949275
2018,Mujer,Insuficiencia cardíaca,726,1080,354,32.77777777777778,0.6722222222222223
2018,Mujer,"Insuficiencia renal, incluye la aguda, cronica y la no especificadas",1366,1721,355,20.62754212667054,0.7937245787332946
2018,Mujer,Insuficiencia respiratoria,956,1260,304,24.126984126984127,0.7587301587301587
2018,Mujer,Las demás causas externas,309,1679,1370,81.59618820726622,0.1840381179273377
2018,Mujer,Lesiones de intención no determinada,446,249,-197,-79.11646586345381,1.7911646586345382
2018,Mujer,Leucemia,314,885,571,64.51977401129943,0.35480225988700564
2018,Mujer,"Malformaciones congénitas, deformidades y anomalías cromosomicas",580,1078,498,46.19666048237477,0.5380333951762524
2018,Mujer,Meningitis,29,73,44,60.273972602739725,0.3972602739726027
2018,Mujer,Neoplasia maligna de colon y de la unión rectosigmoidea,488,968,480,49.586776859504134,0.5041322314049587
2018,Mujer,Neoplasia maligna de estómago,804,2111,1307,61.91378493604927,0.38086215063950735
2018,Mujer,Neoplasia maligna de higado y vias biliares,801,1881,1080,57.41626794258373,0.4258373205741627
2018,Mujer,Neoplasia maligna de la glandula tiroides y de otras glandulas endocrinas,123,312,189,60.57692307692307,0.3942307692307692
2018,Mujer,Neoplasia maligna de la mama,709,1752,1043,59.53196347031964,0.4046803652968037
2018,Mujer,Neoplasia maligna de la piel,105,277,172,62.093862815884485,0.37906137184115524
2018,Mujer,Neoplasia maligna de la próstata,6,0,-6,,
2018,Mujer,"Neoplasia maligna de la tráquea, los bronquios y el pulmón",549,1425,876,61.473684210526315,0.38526315789473686
2018,Mujer,"Neoplasia maligna de los huesos, cartilagos y tejido conjuntivo",102,102,0,0.0,1.0
2018,Mujer,"Neoplasia maligna de los órganos digestivos y del peritoneo, excepto estomago",181,561,380,67.7361853832442,0.3226381461675579
2018,Mujer,Neoplasia maligna de los órganos genitourinarios,491,1132,641,56.62544169611308,0.43374558303886923
2018,Mujer,"Neoplasia maligna de los órganos respiratorios e intratorácicos, excepto traquea y pulmon",59,101,42,41.584158415841586,0.5841584158415841
2018,Mujer,"Neoplasia maligna de ojo, encefalo y de otras partes del sistema nervioso",258,486,228,46.913580246913575,0.5308641975308642
2018,Mujer,Neoplasia maligna de pancreas,347,792,445,56.186868686868685,0.43813131313131315
2018,Mujer,"Neoplasia maligna de sitios mal definidos, de comportamiento incierto y los no especificados",735,1230,495,40.243902439024396,0.5975609756097561
2018,Mujer,"Neoplasia maligna de tejido linfático, de otros órganos hematopoyeticos",341,915,574,62.732240437158474,0.3726775956284153
2018,Mujer,Neoplasia maligna del cuello del útero,608,1678,1070,63.766388557806906,0.36233611442193087
2018,Mujer,Neoplasia maligna del cuerpo del útero,167,206,39,18.932038834951456,0.8106796116504854
2018,Mujer,"Neoplasia maligna del labio, de la cavidad bucal y de la faringe",94,238,144,60.50420168067227,0.3949579831932773
2018,Mujer,"Neoplasia maligna del útero, parte no especificada",105,505,400,79.20792079207921,0.2079207920792079
2018,Mujer,Neoplasia maligna secundaria (metastasis),137,75,-62,-82.66666666666667,1.8266666666666667
2018,Mujer,Neoplasias benignas,80,92,12,13.043478260869565,0.8695652173913043
2018,Mujer,Otras ciertas afecciones originadas en el periodo perinatal,24,87,63,72.41379310344827,0.27586206896551724
2018,Mujer,Otras enfermedades del sistema circulatorio,681,186,-495,-266.1290322580645,3.661290322580645
2018,Mujer,Otras enfermedades del sistema digestivo,11,585,574,98.11965811965811,0.018803418803418803
2018,Mujer,"Otras enfermedades del sistema nervioso, excepto meningitis",152,675,523,77.48148148148148,0.22518518518518518
2018,Mujer,Otras enfermedades del sistema respiratorio,71,131,60,45.80152671755725,0.5419847328244275
2018,Mujer,Otras enfermedades infecciosas y parasitarias,202,253,51,20.158102766798418,0.7984189723320159
2018,Mujer,Paro cardiaco,430,555,125,22.52252252252252,0.7747747747747747
2018,Mujer,Resto de las demas enfermedades,15115,1073,-14042,-1308.667287977633,14.086672879776328
2018,Mujer,"Retardo del crecimiento fetal, desnutrición fetal, gestación",388,206,-182,-88.3495145631068,1.883495145631068
2018,Mujer,"Septicemia, excepto neonatal",1393,2676,1283,47.94469357249626,0.5205530642750373
2018,Mujer,Suicidios (lesiones autoinfligidas intencionalmente),183,218,35,16.055045871559635,0.8394495412844036
2018,Mujer,Sífilis congénita,4,1,-3,-300.0,4.0
2018,Mujer,Trastornos cardiovasculares originados en el periodo perinatal,7,26,19,73.07692307692307,0.2692307692307692
2018,Mujer,"Trastornos de la glandula tiroides, endocrinas y otras metabolicas",600,696,96,13.793103448275861,0.8620689655172413
2018,Mujer,"Trastornos de la vesícula biliar, vias biliares y del pancreas",312,783,471,60.15325670498084,0.39846743295019155
2018,Mujer,Trastornos del sistema digestivo del feto y del recien nacido,17,66,49,74.24242424242425,0.25757575757575757
2018,Mujer,Trastornos endocrinos y metabolicos del feto y del recien nacido,14,6,-8,-133.33333333333331,2.3333333333333335
2018,Mujer,Trastornos hemorragicos y hematologicos del feto y del recien nacido,25,58,33,56.896551724137936,0.43103448275862066
2018,Mujer,Trastornos mentales y del comportamiento,283,266,-17,-6.390977443609022,1.0639097744360901
2018,Mujer,Trastornos respiratorios específicos del periodo perinatal,178,765,587,76.73202614379086,0.2326797385620915
2018,Mujer,Trastornos respiratorios no especificados,34,232,198,85.34482758620689,0.14655172413793102
2018,Mujer,Tuberculosis,256,937,681,72.67876200640342,0.27321237993596587
2019,Hombre,Accidentes de transporte terrestre,2034,2568,534,20.794392523364486,0.7920560747663551
2019,Hombre,Accidentes por Ahogamiento y sumersión,55,675,620,91.85185185185185,0.08148148148148149
2019,Hombre,Accidentes por disparo de arma de fuego,13,205,192,93.65853658536587,0.06341463414634146
2019,Hombre,Accidentes por fuerzas de la naturaleza,21,91,70,76.92307692307693,0.23076923076923078
2019,Hombre,Accidentes por fuerzas mecanicas (inanimadas y animadas),8,66,58,87.87878787878788,0.12121212121212122
2019,Hombre,Accidentes por otro tipo de transporte,36,188,152,80.85106382978722,0.19148936170212766
2019,Hombre,Accidentes que obstruyen la respiración,34,1356,1322,97.49262536873157,0.025073746312684365
2019,Hombre,Afecciones de la pleura,134,165,31,18.787878787878785,0.8121212121212121
2019,Hombre,"Anemias hemoliticas, aplasticas y otras anemias",579,369,-210,-56.91056910569105,1.5691056910569106
2019,Hombre,Aneurimas,65,133,68,51.127819548872175,0.48872180451127817
2019,Hombre,"Apendicitis, hernia de la cavidad abdominal y obstrucción intestinal",424,829,405,48.854041013269,0.51145958986731
2019,Hombre,Arteriosclerosis,41,25,-16,-64.0,1.64
2019,Hombre,Asma,59,321,262,81.61993769470405,0.1838006230529595
2019,Hombre,Caídas,35,194,159,81.95876288659794,0.18041237113402062
2019,Hombre,Ciertas enfermedades inmunoprevenibles,10,15,5,33.33333333333333,0.6666666666666666
2019,Hombre,Ciertas enfermedades transmitidas por vectores y rabia,18,48,30,62.5,0.375
2019,Hombre,Cirrosis y ciertas otras enfermedades crónicas del hígado,2144,4794,2650,55.27743012098456,0.44722569879015434
2019,Hombre,Covid-19,3,0,-3,,
2019,Hombre,Defectos de la coagulación en organos hematopoyeticos y trastornos que afectan al mecanismo de la inmunidad,159,205,46,22.439024390243905,0.775609756097561
2019,Hombre,Deficiencias nutricionales y anemias nutricionales,893,897,4,0.4459308807134894,0.9955406911928651
2019,Hombre,Degeneracion de sistemas multiples,68,22,-46,-209.0909090909091,3.090909090909091
2019,Hombre,Diabetes mellitus,1979,4156,2177,52.38209817131858,0.47617901828681425
2019,Hombre,Edema Pulmonar,175,395,220,55.69620253164557,0.4430379746835443
2019,Hombre,Edema cerebral,221,1353,1132,83.6659275683666,0.16334072431633406
2019,Hombre,"Embolia, trombosis arteriales y otros trastornos arteriales o arteriolares",157,65,-92,-141.53846153846155,2.4153846153846152
2019,Hombre,Encefalitis viral,4,45,41,91.11111111111111,0.08888888888888889
2019,Hombre,"Encefalitis, mielitis y encefalomielitis",56,145,89,61.37931034482759,0.38620689655172413
2019,Hombre,"Enfermedad cardiopulmonar, enfermedades de la circulación pulmonar",117,1092,975,89.28571428571429,0.10714285714285714
2019,Hombre,Enfermedad de Alzheimer,96,204,108,52.94117647058824,0.47058823529411764
2019,Hombre,Enfermedad del parkinson,230,103,-127,-123.3009708737864,2.233009708737864
2019,Hombre,Enfermedad por el VIH (SIDA),692,1731,1039,60.02310803004044,0.3997689196995956
2019,Hombre,Enfermedad pulmonar intersticial,1630,3506,1876,53.50827153451226,0.46491728465487736
2019,Hombre,Enfermedad pulmonar obstructiva cronica (EPOC),469,864,395,45.717592592592595,0.5428240740740741
2019,Hombre,Enfermedades cerebrovasculares,1887,5827,3940,67.6162690921572,0.323837309078428
2019,Hombre,Enfermedades de la piel,312,500,188,37.6,0.624
2019,Hombre,"Enfermedades del esofago, estomago y del duodeno",284,417,133,31.894484412470025,0.6810551558752997
2019,Hombre,"Enfermedades del peritoneo, peritonitis y otros",218,433,215,49.65357967667436,0.5034642032332564
2019,Hombre,Enfermedades del pulmon debidas a agentes externos,424,738,314,42.54742547425474,0.5745257452574526
2019,Hombre,Enfermedades del sistema urinario,459,869,410,47.18066743383199,0.5281933256616801
2019,Hombre,Enfermedades hipertensivas,2901,1597,-1304,-81.65309956167815,1.8165309956167814
2019,Hombre,Enfermedades infecciosas intestinales,130,319,189,59.24764890282132,0.40752351097178685
2019,Hombre,Enfermedades isquémicas del corazón,1921,6840,4919,71.91520467836257,0.2808479532163743
2019,Hombre,"Envenenamientos por, y exposición a sustancias nocivas",14,580,566,97.58620689655172,0.02413793103448276
2019,Hombre,Epilepsia y estado de mal epileptico,185,320,135,42.1875,0.578125
2019,Hombre,Esclerosis multiple,11,17,6,35.294117647058826,0.6470588235294118
2019,Hombre,"Eventos relacionados al embarazo, parto y puerperio",51,0,-51,,
2019,Hombre,Exposición a la corriente eléctrica,2,132,130,98.48484848484848,0.015151515151515152
2019,Hombre,Feto y recién nacido afectados por ciertas afecciones materna,8,1,-7,-700.0,8.0
2019,Hombre,Feto y recién nacido afectados por complicaciones obstétrica,37,23,-14,-60.86956521739131,1.608695652173913
2019,Hombre,Fiebre reumática aguda y enfermedades cardíacas reumáticas cronicas,42,72,30,41.66666666666667,0.5833333333333334
2019,Hombre,"Hemorragia gastrointestinal (hematemesis, melena y las no especificadas)",316,604,288,47.682119205298015,0.5231788079470199
2019,Hombre,Hepatitis B,42,34,-8,-23.52941176470588,1.2352941176470589
2019,Hombre,Hiperplasia de próstata,267,351,84,23.931623931623932,0.7606837606837606
2019,Hombre,Homicidios (agresiones infligidas por otra persona),963,1200,237,19.75,0.8025
2019,Hombre,Incidentes ocurridos al paciente durante la atencion medica y quirurgica,51,105,54,51.42857142857142,0.4857142857142857
2019,Hombre,Infecciones especificas del periodo perinatal,167,387,220,56.84754521963824,0.4315245478036176
2019,Hombre,Infecciones respiratorias agudas altas,10,16,6,37.5,0.625
2019,Hombre,Infecciones respiratorias agudas bajas,4796,10838,6042,55.74829304299686,0.4425170695700314
2019,Hombre,Insuficiencia cardíaca,708,954,246,25.78616352201258,0.7421383647798742
2019,Hombre,"Insuficiencia renal, incluye la aguda, cronica y la no especificadas",1886,2187,301,13.763145861911294,0.862368541380887
2019,Hombre,Insuficiencia respiratoria,1128,3577,2449,68.46519429689684,0.3153480570310316
2019,Hombre,Las demás causas externas,1275,2981,1706,57.22911774572291,0.4277088225427709
2019,Hombre,Lesiones de intención no determinada,1530,1541,11,0.7138221933809215,0.9928617780661908
2019,Hombre,Leucemia,405,1128,723,64.09574468085107,0.35904255319148937
2019,Hombre,"Malformaciones congénitas, deformidades y anomalías cromosomicas",557,1227,670,54.604726976365114,0.4539527302363488
2019,Hombre,Meningitis,49,116,67,57.758620689655174,0.4224137931034483
2019,Hombre,Neoplasia maligna de colon y de la unión rectosigmoidea,521,1118,597,53.398926654740606,0.4660107334525939
2019,Hombre,Neoplasia maligna de estómago,1077,2915,1838,63.05317324185249,0.3694682675814751
2019,Hombre,Neoplasia maligna de higado y vias biliares,648,1744,1096,62.84403669724771,0.37155963302752293
2019,Hombre,Neoplasia maligna de la glandula tiroides y de otras glandulas endocrinas,61,164,103,62.80487804878049,0.3719512195121951
2019,Hombre,Neoplasia maligna de la mama,8,16,8,50.0,0.5
2019,Hombre,Neoplasia maligna de la piel,183,460,277,60.21739130434782,0.3978260869565217
2019,Hombre,Neoplasia maligna de la próstata,1035,2801,1766,63.04891110317744,0.36951088896822565
2019,Hombre,"Neoplasia maligna de la tráquea, los bronquios y el pulmón",598,1721,1123,65.2527600232423,0.347472399767577
2019,Hombre,"Neoplasia maligna de los huesos, cartilagos y tejido conjuntivo",124,167,43,25.748502994011975,0.7425149700598802
2019,Hombre,"Neoplasia maligna de los órganos digestivos y del peritoneo, excepto estomago",170,801,631,78.7765293383271,0.21223470661672908
2019,Hombre,Neoplasia maligna de los órganos genitourinarios,387,974,587,60.26694045174538,0.3973305954825462
2019,Hombre,"Neoplasia maligna de los órganos respiratorios e intratorácicos, excepto traquea y pulmon",150,277,127,45.84837545126354,0.5415162454873647
2019,Hombre,"Neoplasia maligna de ojo, encefalo y de otras partes del sistema nervioso",313,764,451,59.031413612565444,0.4096858638743455
2019,Hombre,Neoplasia maligna de pancreas,363,859,496,57.741559953434226,0.42258440046565776
2019,Hombre,"Neoplasia maligna de sitios mal definidos, de comportamiento incierto y los no especificados",886,667,-219,-32.8335832083958,1.328335832083958
2019,Hombre,"Neoplasia maligna de tejido linfático, de otros órganos hematopoyeticos",517,1273,756,59.387274155538094,0.406127258444619
2019,Hombre,Neoplasia maligna del cuello del útero,8,0,-8,,
2019,Hombre,Neoplasia maligna del cuerpo del útero,3,0,-3,,
2019,Hombre,"Neoplasia maligna del labio, de la cavidad bucal y de la faringe",114,282,168,59.57446808510638,0.40425531914893614
2019,Hombre,Neoplasia maligna secundaria (metastasis),103,144,41,28.47222222222222,0.7152777777777778
2019,Hombre,Neoplasias benignas,80,77,-3,-3.896103896103896,1.0389610389610389
2019,Hombre,Otras ciertas afecciones originadas en el periodo perinatal,32,58,26,44.827586206896555,0.5517241379310345
2019,Hombre,Otras enfermedades del sistema circulatorio,834,116,-718,-618.9655172413793,7.189655172413793
2019,Hombre,Otras enfermedades del sistema digestivo,26,731,705,96.44322845417237,0.03556771545827633
2019,Hombre,"Otras enfermedades del sistema nervioso, excepto meningitis",242,859,617,71.82770663562282,0.2817229336437718
2019,Hombre,Otras enfermedades del sistema respiratorio,81,213,132,61.97183098591549,0.38028169014084506
2019,Hombre,Otras enfermedades infecciosas y parasitarias,318,258,-60,-23.25581395348837,1.2325581395348837
2019,Hombre,Paro cardiaco,464,482,18,3.7344398340248963,0.9626556016597511
2019,Hombre,Resto de las demas enfermedades,18936,604,-18332,-3035.0993377483446,31.350993377483444
2019,Hombre,"Retardo del crecimiento fetal, desnutrición fetal, gestación",543,455,-88,-19.340659340659343,1.1934065934065934
2019,Hombre,"Septicemia, excepto neonatal",1552,2808,1256,44.729344729344724,0.5527065527065527
2019,Hombre,Suicidios (lesiones autoinfligidas intencionalmente),479,493,14,2.839756592292089,0.9716024340770791
2019,Hombre,Sífilis congénita,2,0,-2,,
2019,Hombre,Trastornos cardiovasculares originados en el periodo perinatal,10,38,28,73.68421052631578,0.2631578947368421
2019,Hombre,"Trastornos de la glandula tiroides, endocrinas y otras metabolicas",395,551,156,28.31215970961887,0.7168784029038112
2019,Hombre,"Trastornos de la vesícula biliar, vias biliares y del pancreas",308,709,401,56.558533145275035,0.43441466854724964
2019,Hombre,Trastornos del sistema digestivo del feto y del recien nacido,13,59,46,77.96610169491525,0.22033898305084745
2019,Hombre,Trastornos endocrinos y metabolicos del feto y del recien nacido,28,7,-21,-300.0,4.0
2019,Hombre,Trastornos hemorragicos y hematologicos del feto y del recien nacido,32,62,30,48.38709677419355,0.5161290322580645
2019,Hombre,Trastornos mentales y del comportamiento,500,313,-187,-59.7444089456869,1.597444089456869
2019,Hombre,Trastornos respiratorios específicos del periodo perinatal,246,1246,1000,80.25682182985554,0.19743178170144463
2019,Hombre,Trastornos respiratorios no especificados,50,244,194,79.50819672131148,0.20491803278688525
2019,Hombre,Tuberculosis,705,2014,1309,64.99503475670308,0.3500496524329692
2019,Mujer,Accidentes de transporte terrestre,662,810,148,18.271604938271604,0.817283950617284
2019,Mujer,Accidentes por Ahogamiento y sumersión,16,173,157,90.7514450867052,0.09248554913294797
2019,Mujer,Accidentes por fuerzas de la naturaleza,11,54,43,79.62962962962963,0.2037037037037037
2019,Mujer,Accidentes por fuerzas mecanicas (inanimadas y animadas),2,22,20,90.9090909090909,0.09090909090909091
2019,Mujer,Accidentes por otro tipo de transporte,10,99,89,89.8989898989899,0.10101010101010101
2019,Mujer,Accidentes que obstruyen la respiración,19,611,592,96.89034369885434,0.031096563011456628
2019,Mujer,Afecciones de la pleura,112,117,5,4.273504273504273,0.9572649572649573
2019,Mujer,"Anemias hemoliticas, aplasticas y otras anemias",653,339,-314,-92.62536873156341,1.9262536873156342
2019,Mujer,Aneurimas,52,96,44,45.83333333333333,0.5416666666666666
2019,Mujer,"Apendicitis, hernia de la cavidad abdominal y obstrucción intestinal",347,673,326,48.439821693907874,0.5156017830609212
2019,Mujer,Arteriosclerosis,41,20,-21,-105.0,2.05
2019,Mujer,Asma,63,253,190,75.09881422924902,0.2490118577075099
2019,Mujer,Caídas,9,34,25,73.52941176470588,0.2647058823529412
2019,Mujer,Ciertas enfermedades inmunoprevenibles,10,6,-4,-66.66666666666666,1.6666666666666667
2019,Mujer,Ciertas enfermedades transmitidas por vectores y rabia,13,45,32,71.11111111111111,0.28888888888888886
2019,Mujer,Cirrosis y ciertas otras enfermedades crónicas del hígado,1243,2073,830,40.038591413410515,0.5996140858658948
2019,Mujer,Defectos de la coagulación en organos hematopoyeticos y trastornos que afectan al mecanismo de la inmunidad,133,169,36,21.301775147928996,0.7869822485207101
2019,Mujer,Deficiencias nutricionales y anemias nutricionales,946,1069,123,11.506080449017773,0.8849391955098223
2019,Mujer,Degeneracion de sistemas multiples,62,8,-54,-675.0,7.75
2019,Mujer,Diabetes mellitus,2082,3837,1755,45.73885848318999,0.5426114151681001
2019,Mujer,Edema Pulmonar,141,218,77,35.321100917431195,0.6467889908256881
2019,Mujer,Edema cerebral,182,644,462,71.73913043478261,0.2826086956521739
2019,Mujer,"Embolia, trombosis arteriales y otros trastornos arteriales o arteriolares",171,78,-93,-119.23076923076923,2.1923076923076925
2019,Mujer,Encefalitis viral,2,22,20,90.9090909090909,0.09090909090909091
2019,Mujer,"Encefalitis, mielitis y encefalomielitis",32,87,55,63.2183908045977,0.367816091954023
2019,Mujer,"Enfermedad cardiopulmonar, enfermedades de la circulación pulmonar",149,927,778,83.92664509169363,0.16073354908306364
2019,Mujer,Enfermedad de Alzheimer,136,314,178,56.68789808917197,0.43312101910828027
2019,Mujer,Enfermedad del parkinson,146,55,-91,-165.45454545454547,2.6545454545454548
2019,Mujer,Enfermedad por el VIH (SIDA),186,519,333,64.16184971098265,0.3583815028901734
2019,Mujer,Enfermedad pulmonar intersticial,1508,3221,1713,53.18224153989445,0.4681775846010556
2019,Mujer,Enfermedad pulmonar obstructiva cronica (EPOC),497,875,378,43.2,0.568
2019,Mujer,Enfermedades cerebrovasculares,1869,5295,3426,64.70254957507082,0.3529745042492918
2019,Mujer,Enfermedades de la piel,402,597,195,32.663316582914575,0.6733668341708543
2019,Mujer,"Enfermedades del esofago, estomago y del duodeno",298,355,57,16.056338028169016,0.8394366197183099
2019,Mujer,"Enfermedades del peritoneo, peritonitis y otros",199,344,145,42.151162790697676,0.5784883720930233
2019,Mujer,Enfermedades del pulmon debidas a agentes externos,333,529,196,37.051039697542535,0.6294896030245747
2019,Mujer,Enfermedades del sistema urinario,706,1270,564,44.40944881889764,0.5559055118110237
2019,Mujer,Enfermedades hipertensivas,3012,1685,-1327,-78.75370919881306,1.7875370919881306
2019,Mujer,Enfermedades infecciosas intestinales,128,270,142,52.59259259259259,0.4740740740740741
2019,Mujer,Enfermedades isquémicas del corazón,1498,4611,3113,67.51247018000434,0.32487529819995664
2019,Mujer,"Envenenamientos por, y exposición a sustancias nocivas",3,197,194,98.47715736040608,0.015228426395939087
2019,Mujer,Epilepsia y estado de mal epileptico,155,191,36,18.848167539267017,0.8115183246073299
2019,Mujer,Esclerosis multiple,21,25,4,16.0,0.84
2019,Mujer,"Eventos relacionados al embarazo, parto y puerperio",107,321,214,66.66666666666666,0.3333333333333333
2019,Mujer,Feto y recién nacido afectados por ciertas afecciones materna,7,6,-1,-16.666666666666664,1.1666666666666667
2019,Mujer,Feto y recién nacido afectados por complicaciones obstétrica,19,21,2,9.523809523809524,0.9047619047619048
2019,Mujer,Fiebre reumática aguda y enfermedades cardíacas reumáticas cronicas,68,81,13,16.049382716049383,0.8395061728395061
2019,Mujer,"Hemorragia gastrointestinal (hematemesis, melena y las no especificadas)",227,396,169,42.676767676767675,0.5732323232323232
2019,Mujer,Hepatitis B,24,15,-9,-60.0,1.6
2019,Mujer,Hiperplasia de próstata,5,0,-5,,
2019,Mujer,Homicidios (agresiones infligidas por otra persona),186,238,52,21.84873949579832,0.7815126050420168
2019,Mujer,Incidentes ocurridos al paciente durante la atencion medica y quirurgica,37,94,57,60.63829787234043,0.39361702127659576
2019,Mujer,Infecciones especificas del periodo perinatal,131,267,136,50.936329588014985,0.49063670411985016
2019,Mujer,Infecciones respiratorias agudas altas,16,17,1,5.88235294117647,0.9411764705882353
2019,Mujer,Infecciones respiratorias agudas bajas,4807,10486,5679,54.15792485218387,0.45842075147816136
2019,Mujer,Insuficiencia cardíaca,843,968,125,12.913223140495866,0.8708677685950413
2019,Mujer,"Insuficiencia renal, incluye la aguda, cronica y la no especificadas",1415,1604,189,11.783042394014963,0.8821695760598504
2019,Mujer,Insuficiencia respiratoria,1091,3141,2050,65.26583890480738,0.3473416109519261
2019,Mujer,Las demás causas externas,333,1091,758,69.4775435380385,0.30522456461961506
2019,Mujer,Lesiones de intención no determinada,421,658,237,36.01823708206687,0.6398176291793313
2019,Mujer,Leucemia,351,849,498,58.657243816254415,0.4134275618374558
2019,Mujer,"Malformaciones congénitas, deformidades y anomalías cromosomicas",579,1114,535,48.025134649910235,0.5197486535008977
2019,Mujer,Meningitis,30,47,17,36.17021276595745,0.6382978723404256
2019,Mujer,Neoplasia maligna de colon y de la unión rectosigmoidea,607,1214,607,50.0,0.5
2019,Mujer,Neoplasia maligna de estómago,965,2203,1238,56.196096232410355,0.4380390376758965
2019,Mujer,Neoplasia maligna de higado y vias biliares,978,2260,1282,56.725663716814154,0.4327433628318584
2019,Mujer,Neoplasia maligna de la glandula tiroides y de otras glandulas endocrinas,124,273,149,54.57875457875458,0.4542124542124542
2019,Mujer,Neoplasia maligna de la mama,790,1865,1075,57.64075067024129,0.42359249329758714
2019,Mujer,Neoplasia maligna de la piel,124,318,194,61.0062893081761,0.389937106918239
2019,Mujer,Neoplasia maligna de la próstata,7,0,-7,,
2019,Mujer,"Neoplasia maligna de la tráquea, los bronquios y el pulmón",601,1568,967,61.670918367346935,0.3832908163265306
2019,Mujer,"Neoplasia maligna de los huesos, cartilagos y tejido conjuntivo",119,133,14,10.526315789473683,0.8947368421052632
2019,Mujer,"Neoplasia maligna de los órganos digestivos y del peritoneo, excepto estomago",154,591,437,73.9424703891709,0.26057529610829105
2019,Mujer,Neoplasia maligna de los órganos genitourinarios,566,1144,578,50.52447552447552,0.49475524475524474
2019,Mujer,"Neoplasia maligna de los órganos respiratorios e intratorácicos, excepto traquea y pulmon",88,148,60,40.54054054054054,0.5945945945945946
2019,Mujer,"Neoplasia maligna de ojo, encefalo y de otras partes del sistema nervioso",289,606,317,52.310231023102304,0.4768976897689769
2019,Mujer,Neoplasia maligna de pancreas,389,864,475,54.97685185185185,0.45023148148148145
2019,Mujer,"Neoplasia maligna de sitios mal definidos, de comportamiento incierto y los no especificados",980,695,-285,-41.007194244604314,1.410071942446043
2019,Mujer,"Neoplasia maligna de tejido linfático, de otros órganos hematopoyeticos",394,824,430,52.18446601941748,0.47815533980582525
2019,Mujer,Neoplasia maligna del cuello del útero,615,1717,1102,64.18171228887594,0.3581828771112405
2019,Mujer,Neoplasia maligna del cuerpo del útero,205,233,28,12.017167381974248,0.8798283261802575
2019,Mujer,"Neoplasia maligna del labio, de la cavidad bucal y de la faringe",106,241,135,56.016597510373444,0.43983402489626555
2019,Mujer,"Neoplasia maligna del útero, parte no especificada",141,622,481,77.33118971061094,0.2266881028938907
2019,Mujer,Neoplasia maligna secundaria (metastasis),142,201,59,29.35323383084577,0.7064676616915423
2019,Mujer,Neoplasias benignas,104,55,-49,-89.0909090909091,1.8909090909090909
2019,Mujer,Otras ciertas afecciones originadas en el periodo perinatal,27,47,20,42.5531914893617,0.574468085106383
2019,Mujer,Otras enfermedades del sistema circulatorio,739,134,-605,-451.4925373134329,5.514925373134329
2019,Mujer,Otras enfermedades del sistema digestivo,22,481,459,95.42619542619542,0.04573804573804574
2019,Mujer,"Otras enfermedades del sistema nervioso, excepto meningitis",180,650,470,72.3076923076923,0.27692307692307694
2019,Mujer,Otras enfermedades del sistema respiratorio,88,143,55,38.46153846153847,0.6153846153846154
2019,Mujer,Otras enfermedades infecciosas y parasitarias,220,199,-21,-10.552763819095476,1.1055276381909547
2019,Mujer,Paro cardiaco,409,411,2,0.48661800486618007,0.9951338199513382
2019,Mujer,Resto de las demas enfermedades,16500,922,-15578,-1689.5878524945767,17.89587852494577
2019,Mujer,"Retardo del crecimiento fetal, desnutrición fetal, gestación",436,350,-86,-24.571428571428573,1.2457142857142858
2019,Mujer,"Septicemia, excepto neonatal",1590,2668,1078,40.4047976011994,0.595952023988006
2019,Mujer,Suicidios (lesiones autoinfligidas intencionalmente),212,226,14,6.1946902654867255,0.9380530973451328
2019,Mujer,Sífilis congénita,2,4,2,50.0,0.5
2019,Mujer,Trastornos cardiovasculares originados en el periodo perinatal,8,28,20,71.42857142857143,0.2857142857142857
2019,Mujer,"Trastornos de la glandula tiroides, endocrinas y otras metabolicas",583,621,38,6.119162640901772,0.9388083735909822
2019,Mujer,"Trastornos de la vesícula biliar, vias biliares y del pancreas",337,643,306,47.58942457231726,0.5241057542768274
2019,Mujer,Trastornos del sistema digestivo del feto y del recien nacido,18,47,29,61.702127659574465,0.3829787234042553
2019,Mujer,Trastornos endocrinos y metabolicos del feto y del recien nacido,29,12,-17,-141.66666666666669,2.4166666666666665
2019,Mujer,Trastornos hemorragicos y hematologicos del feto y del recien nacido,29,60,31,51.66666666666667,0.48333333333333334
2019,Mujer,Trastornos mentales y del comportamiento,473,279,-194,-69.53405017921148,1.6953405017921146
2019,Mujer,Trastornos respiratorios específicos del periodo perinatal,186,855,669,78.24561403508771,0.21754385964912282
2019,Mujer,Trastornos respiratorios no especificados,41,213,172,80.75117370892019,0.19248826291079812
2019,Mujer,Tuberculosis,332,890,558,62.69662921348315,0.37303370786516854
2020,Hombre,Accidentes de transporte terrestre,1482,1569,87,5.544933078393881,0.9445506692160612
2020,Hombre,Accidentes por Ahogamiento y sumersión,66,537,471,87.70949720670392,0.12290502793296089
2020,Hombre,Accidentes por disparo de arma de fuego,7,361,354,98.06094182825484,0.019390581717451522
2020,Hombre,Accidentes por fuerzas de la naturaleza,21,62,41,66.12903225806451,0.3387096774193548
2020,Hombre,Accidentes por fuerzas mecanicas (inanimadas y animadas),7,34,27,79.41176470588235,0.20588235294117646
2020,Hombre,Accidentes por otro tipo de transporte,22,16,-6,-37.5,1.375
2020,Hombre,Accidentes que obstruyen la respiración,27,1021,994,97.35553379040157,0.02644466209598433
2020,Hombre,Afecciones de la pleura,156,74,-82,-110.8108108108108,2.108108108108108
2020,Hombre,"Anemias hemoliticas, aplasticas y otras anemias",743,394,-349,-88.57868020304569,1.885786802030457
2020,Hombre,Aneurimas,43,63,20,31.746031746031743,0.6825396825396826
2020,Hombre,"Apendicitis, hernia de la cavidad abdominal y obstrucción intestinal",561,726,165,22.727272727272727,0.7727272727272727
2020,Hombre,Arteriosclerosis,76,14,-62,-442.8571428571429,5.428571428571429
2020,Hombre,Asma,306,267,-39,-14.606741573033707,1.146067415730337
2020,Hombre,Caídas,34,126,92,73.01587301587301,0.2698412698412698
2020,Hombre,Ciertas enfermedades inmunoprevenibles,7,3,-4,-133.33333333333331,2.3333333333333335
2020,Hombre,Ciertas enfermedades transmitidas por vectores y rabia,54,76,22,28.947368421052634,0.7105263157894737
2020,Hombre,Cirrosis y ciertas otras enfermedades crónicas del hígado,2463,3051,588,19.27236971484759,0.8072763028515241
2020,Hombre,Covid-19,35786,68347,32561,47.64071575928717,0.5235928424071283
2020,Hombre,Defectos de la coagulación en organos hematopoyeticos y trastornos que afectan al mecanismo de la inmunidad,172,136,-36,-26.47058823529412,1.2647058823529411
2020,Hombre,Deficiencias nutricionales y anemias nutricionales,909,782,-127,-16.240409207161125,1.1624040920716112
2020,Hombre,Degeneracion de sistemas multiples,72,0,-72,,
2020,Hombre,Diabetes mellitus,5631,4864,-767,-15.768914473684212,1.157689144736842
2020,Hombre,Edema Pulmonar,238,111,-127,-114.41441441441442,2.144144144144144
2020,Hombre,Edema cerebral,201,444,243,54.729729729729726,0.4527027027027027
2020,Hombre,"Embolia, trombosis arteriales y otros trastornos arteriales o arteriolares",173,52,-121,-232.6923076923077,3.326923076923077
2020,Hombre,Encefalitis viral,5,10,5,50.0,0.5
2020,Hombre,"Encefalitis, mielitis y encefalomielitis",39,47,8,17.02127659574468,0.8297872340425532
2020,Hombre,"Enfermedad cardiopulmonar, enfermedades de la circulación pulmonar",184,707,523,73.97454031117398,0.26025459688826025
2020,Hombre,Enfermedad de Alzheimer,185,254,69,27.165354330708663,0.7283464566929134
2020,Hombre,Enfermedad del parkinson,417,285,-132,-46.31578947368421,1.4631578947368422
2020,Hombre,Enfermedad por el VIH (SIDA),890,1117,227,20.322291853178157,0.7967770814682185
2020,Hombre,Enfermedad pulmonar intersticial,1750,2898,1148,39.61352657004831,0.6038647342995169
2020,Hombre,Enfermedad pulmonar obstructiva cronica (EPOC),641,813,172,21.15621156211562,0.7884378843788438
2020,Hombre,Enfermedades cerebrovasculares,2465,3874,1409,36.37067630356221,0.6362932369643779
2020,Hombre,Enfermedades de la piel,301,204,-97,-47.549019607843135,1.4754901960784315
2020,Hombre,"Enfermedades del esofago, estomago y del duodeno",534,426,-108,-25.352112676056336,1.2535211267605635
2020,Hombre,"Enfermedades del peritoneo, peritonitis y otros",224,310,86,27.741935483870968,0.7225806451612903
2020,Hombre,Enfermedades del pulmon debidas a agentes externos,588,896,308,34.375,0.65625
2020,Hombre,Enfermedades del sistema urinario,633,840,207,24.642857142857146,0.7535714285714286
2020,Hombre,Enfermedades hipertensivas,8105,2342,-5763,-246.07173356105895,3.4607173356105894
2020,Hombre,Enfermedades infecciosas intestinales,136,174,38,21.839080459770116,0.7816091954022989
2020,Hombre,Enfermedades isquémicas del corazón,4298,10560,6262,59.29924242424243,0.40700757575757573
2020,Hombre,"Envenenamientos por, y exposición a sustancias nocivas",10,446,436,97.75784753363229,0.02242152466367713
2020,Hombre,Epilepsia y estado de mal epileptico,290,359,69,19.220055710306408,0.807799442896936
2020,Hombre,Esclerosis multiple,15,13,-2,-15.384615384615385,1.1538461538461537
2020,Hombre,"Eventos relacionados al embarazo, parto y puerperio",51,0,-51,,
2020,Hombre,Exposición a la corriente eléctrica,11,128,117,91.40625,0.0859375
2020,Hombre,"Exposición al humo, fuego y llamas",5,39,34,87.17948717948718,0.1282051282051282
2020,Hombre,Feto y recién nacido afectados por ciertas afecciones materna,12,0,-12,,
2020,Hombre,Feto y recién nacido afectados por complicaciones obstétrica,11,15,4,26.666666666666668,0.7333333333333333
2020,Hombre,Fiebre reumática aguda y enfermedades cardíacas reumáticas cronicas,52,34,-18,-52.94117647058824,1.5294117647058822
2020,Hombre,"Hemorragia gastrointestinal (hematemesis, melena y las no especificadas)",381,478,97,20.292887029288703,0.797071129707113
2020,Hombre,Hepatitis B,48,14,-34,-242.85714285714283,3.4285714285714284
2020,Hombre,Hiperplasia de próstata,502,601,99,16.472545757071547,0.8352745424292846
2020,Hombre,Homicidios (agresiones infligidas por otra persona),870,747,-123,-16.46586345381526,1.1646586345381527
2020,Hombre,Incidentes ocurridos al paciente durante la atencion medica y quirurgica,50,14,-36,-257.14285714285717,3.5714285714285716
2020,Hombre,Infecciones especificas del periodo perinatal,161,466,305,65.45064377682404,0.34549356223175964
2020,Hombre,Infecciones respiratorias agudas altas,24,13,-11,-84.61538461538461,1.8461538461538463
2020,Hombre,Infecciones respiratorias agudas bajas,4977,6200,1223,19.725806451612904,0.802741935483871
2020,Hombre,Insuficiencia cardíaca,939,1211,272,22.46077621800165,0.7753922378199835
2020,Hombre,"Insuficiencia renal, incluye la aguda, cronica y la no especificadas",2990,2167,-823,-37.978772496538994,1.37978772496539
2020,Hombre,Insuficiencia respiratoria,1915,939,-976,-103.94036208732696,2.0394036208732693
2020,Hombre,Las demás causas externas,1120,3375,2255,66.81481481481481,0.33185185185185184
2020,Hombre,Lesiones de intención no determinada,1153,438,-715,-163.2420091324201,2.632420091324201
2020,Hombre,Leucemia,487,970,483,49.79381443298969,0.5020618556701031
2020,Hombre,"Malformaciones congénitas, deformidades y anomalías cromosomicas",571,1253,682,54.42936951316839,0.45570630486831604
2020,Hombre,Meningitis,41,51,10,19.607843137254903,0.803921568627451
2020,Hombre,Neoplasia maligna de colon y de la unión rectosigmoidea,628,961,333,34.65140478668054,0.6534859521331946
2020,Hombre,Neoplasia maligna de estómago,1394,2243,849,37.85109228711547,0.6214890771288453
2020,Hombre,Neoplasia maligna de higado y vias biliares,709,1308,599,45.79510703363914,0.5420489296636085
2020,Hombre,Neoplasia maligna de la glandula tiroides y de otras glandulas endocrinas,55,104,49,47.11538461538461,0.5288461538461539
2020,Hombre,Neoplasia maligna de la mama,10,10,0,0.0,1.0
2020,Hombre,Neoplasia maligna de la piel,200,378,178,47.08994708994709,0.5291005291005291
2020,Hombre,Neoplasia maligna de la próstata,1680,2930,1250,42.66211604095563,0.5733788395904437
2020,Hombre,"Neoplasia maligna de la tráquea, los bronquios y el pulmón",654,1139,485,42.58121158911325,0.5741878841088675
2020,Hombre,"Neoplasia maligna de los huesos, cartilagos y tejido conjuntivo",154,307,153,49.8371335504886,0.501628664495114
2020,Hombre,"Neoplasia maligna de los órganos digestivos y del peritoneo, excepto estomago",193,551,358,64.97277676950998,0.3502722323049002
2020,Hombre,Neoplasia maligna de los órganos genitourinarios,497,780,283,36.28205128205128,0.6371794871794871
2020,Hombre,"Neoplasia maligna de los órganos respiratorios e intratorácicos, excepto traquea y pulmon",161,231,70,30.303030303030305,0.696969696969697
2020,Hombre,"Neoplasia maligna de ojo, encefalo y de otras partes del sistema nervioso",403,616,213,34.57792207792208,0.6542207792207793
2020,Hombre,Neoplasia maligna de pancreas,426,645,219,33.95348837209302,0.6604651162790698
2020,Hombre,"Neoplasia maligna de sitios mal definidos, de comportamiento incierto y los no especificados",1202,638,-564,-88.40125391849529,1.884012539184953
2020,Hombre,"Neoplasia maligna de tejido linfático, de otros órganos hematopoyeticos",552,717,165,23.01255230125523,0.7698744769874477
2020,Hombre,Neoplasia maligna del cuello del útero,1,0,-1,,
2020,Hombre,Neoplasia maligna del cuerpo del útero,1,0,-1,,
2020,Hombre,"Neoplasia maligna del labio, de la cavidad bucal y de la faringe",137,220,83,37.72727272727273,0.6227272727272727
2020,Hombre,"Neoplasia maligna del útero, parte no especificada",1,0,-1,,
2020,Hombre,Neoplasia maligna secundaria (metastasis),148,113,-35,-30.973451327433626,1.3097345132743363
2020,Hombre,Neoplasias benignas,99,53,-46,-86.79245283018868,1.8679245283018868
2020,Hombre,Otras ciertas afecciones originadas en el periodo perinatal,39,62,23,37.096774193548384,0.6290322580645161
2020,Hombre,Otras enfermedades del sistema circulatorio,1189,155,-1034,-667.0967741935484,7.670967741935484
2020,Hombre,Otras enfermedades del sistema digestivo,26,369,343,92.95392953929539,0.07046070460704607
2020,Hombre,"Otras enfermedades del sistema nervioso, excepto meningitis",304,598,294,49.163879598662206,0.5083612040133779
2020,Hombre,Otras enfermedades del sistema respiratorio,110,78,-32,-41.02564102564102,1.4102564102564104
2020,Hombre,Otras enfermedades infecciosas y parasitarias,6069,172,-5897,-3428.4883720930234,35.28488372093023
2020,Hombre,Paro cardiaco,639,354,-285,-80.50847457627118,1.805084745762712
2020,Hombre,Resto de las demas enfermedades,25231,231,-25000,-10822.510822510823,109.22510822510823
2020,Hombre,"Retardo del crecimiento fetal, desnutrición fetal, gestación",442,635,193,30.393700787401574,0.6960629921259842
2020,Hombre,"Septicemia, excepto neonatal",1711,1966,255,12.970498474059003,0.87029501525941
2020,Hombre,Suicidios (lesiones autoinfligidas intencionalmente),505,508,3,0.5905511811023622,0.9940944881889764
2020,Hombre,Sífilis congénita,8,2,-6,-300.0,4.0
2020,Hombre,Trastornos cardiovasculares originados en el periodo perinatal,4,23,19,82.6086956521739,0.17391304347826086
2020,Hombre,"Trastornos de la glandula tiroides, endocrinas y otras metabolicas",2045,470,-1575,-335.1063829787234,4.351063829787234
2020,Hombre,"Trastornos de la vesícula biliar, vias biliares y del pancreas",317,455,138,30.32967032967033,0.6967032967032967
2020,Hombre,Trastornos del sistema digestivo del feto y del recien nacido,21,25,4,16.0,0.84
2020,Hombre,Trastornos endocrinos y metabolicos del feto y del recien nacido,17,26,9,34.61538461538461,0.6538461538461539
2020,Hombre,Trastornos hemorragicos y hematologicos del feto y del recien nacido,28,34,6,17.647058823529413,0.8235294117647058
2020,Hombre,Trastornos mentales y del comportamiento,787,15,-772,-5146.666666666667,52.46666666666667
2020,Hombre,Trastornos respiratorios específicos del periodo perinatal,202,681,479,70.33773861967695,0.2966226138032305
2020,Hombre,Trastornos respiratorios no especificados,51,125,74,59.199999999999996,0.408
2020,Hombre,Tuberculosis,698,1025,327,31.902439024390244,0.6809756097560976
2020,Mujer,Accidentes de transporte terrestre,423,496,73,14.717741935483872,0.8528225806451613
2020,Mujer,Accidentes por Ahogamiento y sumersión,22,151,129,85.43046357615894,0.1456953642384106
2020,Mujer,Accidentes por fuerzas de la naturaleza,19,48,29,60.416666666666664,0.3958333333333333
2020,Mujer,Accidentes por fuerzas mecanicas (inanimadas y animadas),1,7,6,85.71428571428571,0.14285714285714285
2020,Mujer,Accidentes por otro tipo de transporte,9,11,2,18.181818181818183,0.8181818181818182
2020,Mujer,Accidentes que obstruyen la respiración,12,620,608,98.06451612903226,0.01935483870967742
2020,Mujer,Afecciones de la pleura,106,67,-39,-58.2089552238806,1.5820895522388059
2020,Mujer,"Anemias hemoliticas, aplasticas y otras anemias",812,513,-299,-58.28460038986355,1.5828460038986354
2020,Mujer,Aneurimas,59,94,35,37.234042553191486,0.6276595744680851
2020,Mujer,"Apendicitis, hernia de la cavidad abdominal y obstrucción intestinal",405,545,140,25.688073394495415,0.7431192660550459
2020,Mujer,Arteriosclerosis,79,19,-60,-315.7894736842105,4.157894736842105
2020,Mujer,Asma,213,180,-33,-18.333333333333332,1.1833333333333333
2020,Mujer,Caídas,19,61,42,68.85245901639344,0.3114754098360656
2020,Mujer,Ciertas enfermedades inmunoprevenibles,6,3,-3,-100.0,2.0
2020,Mujer,Ciertas enfermedades transmitidas por vectores y rabia,38,44,6,13.636363636363635,0.8636363636363636
2020,Mujer,Cirrosis y ciertas otras enfermedades crónicas del hígado,1475,1809,334,18.463239358761747,0.8153676064123825
2020,Mujer,Covid-19,14766,34850,20084,57.62984218077475,0.4237015781922525
2020,Mujer,Defectos de la coagulación en organos hematopoyeticos y trastornos que afectan al mecanismo de la inmunidad,146,109,-37,-33.94495412844037,1.3394495412844036
2020,Mujer,Deficiencias nutricionales y anemias nutricionales,915,1049,134,12.774070543374643,0.8722592945662536
2020,Mujer,Degeneracion de sistemas multiples,57,0,-57,,
2020,Mujer,Diabetes mellitus,4344,5074,730,14.387071344107213,0.8561292865589278
2020,Mujer,Edema Pulmonar,156,78,-78,-100.0,2.0
2020,Mujer,Edema cerebral,191,260,69,26.53846153846154,0.7346153846153847
2020,Mujer,"Embolia, trombosis arteriales y otros trastornos arteriales o arteriolares",163,77,-86,-111.68831168831169,2.116883116883117
2020,Mujer,Encefalitis viral,5,6,1,16.666666666666664,0.8333333333333334
2020,Mujer,"Encefalitis, mielitis y encefalomielitis",25,33,8,24.242424242424242,0.7575757575757576
2020,Mujer,"Enfermedad cardiopulmonar, enfermedades de la circulación pulmonar",200,813,613,75.39975399753997,0.24600246002460024
2020,Mujer,Enfermedad de Alzheimer,275,484,209,43.18181818181818,0.5681818181818182
2020,Mujer,Enfermedad del parkinson,219,227,8,3.524229074889868,0.9647577092511013
2020,Mujer,Enfermedad por el VIH (SIDA),230,317,87,27.444794952681388,0.7255520504731862
2020,Mujer,Enfermedad pulmonar intersticial,1424,3003,1579,52.58075258075257,0.4741924741924742
2020,Mujer,Enfermedad pulmonar obstructiva cronica (EPOC),483,800,317,39.625,0.60375
2020,Mujer,Enfermedades cerebrovasculares,2198,4207,2009,47.75374376039934,0.5224625623960066
2020,Mujer,Enfermedades de la piel,483,419,-64,-15.274463007159905,1.152744630071599
2020,Mujer,"Enfermedades del esofago, estomago y del duodeno",527,489,-38,-7.770961145194274,1.0777096114519427
2020,Mujer,"Enfermedades del peritoneo, peritonitis y otros",227,309,82,26.537216828478964,0.7346278317152104
2020,Mujer,Enfermedades del pulmon debidas a agentes externos,424,864,440,50.92592592592593,0.49074074074074076
2020,Mujer,Enfermedades del sistema urinario,849,1411,562,39.82990786676116,0.6017009213323884
2020,Mujer,Enfermedades hipertensivas,6579,2883,-3696,-128.19979188345474,2.281997918834547
2020,Mujer,Enfermedades infecciosas intestinales,142,170,28,16.470588235294116,0.8352941176470589
2020,Mujer,Enfermedades isquémicas del corazón,3236,9962,6726,67.51656293916885,0.3248343706083116
2020,Mujer,"Envenenamientos por, y exposición a sustancias nocivas",1,176,175,99.43181818181817,0.005681818181818182
2020,Mujer,Epilepsia y estado de mal epileptico,197,227,30,13.215859030837004,0.8678414096916299
2020,Mujer,Esclerosis multiple,29,18,-11,-61.111111111111114,1.6111111111111112
2020,Mujer,"Eventos relacionados al embarazo, parto y puerperio",140,321,181,56.38629283489096,0.43613707165109034
2020,Mujer,Exposición a la corriente eléctrica,2,26,24,92.3076923076923,0.07692307692307693
2020,Mujer,"Exposición al humo, fuego y llamas",1,22,21,95.45454545454545,0.045454545454545456
2020,Mujer,Feto y recién nacido afectados por ciertas afecciones materna,4,4,0,0.0,1.0
2020,Mujer,Feto y recién nacido afectados por complicaciones obstétrica,13,18,5,27.77777777777778,0.7222222222222222
2020,Mujer,Fiebre reumática aguda y enfermedades cardíacas reumáticas cronicas,61,33,-28,-84.84848484848484,1.8484848484848484
2020,Mujer,"Hemorragia gastrointestinal (hematemesis, melena y las no especificadas)",268,449,181,40.31180400890869,0.5968819599109132
2020,Mujer,Hepatitis B,27,9,-18,-200.0,3.0
2020,Mujer,Hiperplasia de próstata,3,0,-3,,
2020,Mujer,Homicidios (agresiones infligidas por otra persona),163,163,0,0.0,1.0
2020,Mujer,Incidentes ocurridos al paciente durante la atencion medica y quirurgica,33,11,-22,-200.0,3.0
2020,Mujer,Infecciones especificas del periodo perinatal,97,248,151,60.88709677419355,0.3911290322580645
2020,Mujer,Infecciones respiratorias agudas altas,15,4,-11,-275.0,3.75
2020,Mujer,Infecciones respiratorias agudas bajas,3661,6149,2488,40.46186371767767,0.5953813628232233
2020,Mujer,Insuficiencia cardíaca,1012,1547,535,34.5830639948287,0.654169360051713
2020,Mujer,"Insuficiencia renal, incluye la aguda, cronica y la no especificadas",2220,2248,28,1.2455516014234875,0.9875444839857651
2020,Mujer,Insuficiencia respiratoria,1270,978,-292,-29.85685071574642,1.2985685071574642
2020,Mujer,Las demás causas externas,293,1460,1167,79.93150684931507,0.20068493150684932
2020,Mujer,Lesiones de intención no determinada,339,184,-155,-84.23913043478261,1.8423913043478262
2020,Mujer,Leucemia,393,797,404,50.690087829360095,0.493099121706399
2020,Mujer,"Malformaciones congénitas, deformidades y anomalías cromosomicas",590,1129,539,47.74136403897254,0.5225863596102746
2020,Mujer,Meningitis,28,43,15,34.883720930232556,0.6511627906976745
2020,Mujer,Neoplasia maligna de colon y de la unión rectosigmoidea,720,1156,436,37.71626297577855,0.6228373702422145
2020,Mujer,Neoplasia maligna de estómago,1167,2150,983,45.72093023255814,0.5427906976744186
2020,Mujer,Neoplasia maligna de higado y vias biliares,1040,1911,871,45.57823129251701,0.54421768707483
2020,Mujer,Neoplasia maligna de la glandula tiroides y de otras glandulas endocrinas,131,208,77,37.019230769230774,0.6298076923076923
2020,Mujer,Neoplasia maligna de la mama,1011,1722,711,41.289198606271775,0.5871080139372822
2020,Mujer,Neoplasia maligna de la piel,171,338,167,49.40828402366864,0.5059171597633136
2020,Mujer,Neoplasia maligna de la próstata,9,0,-9,,
2020,Mujer,"Neoplasia maligna de la tráquea, los bronquios y el pulmón",665,1287,622,48.329448329448326,0.5167055167055167
2020,Mujer,"Neoplasia maligna de los huesos, cartilagos y tejido conjuntivo",173,341,168,49.266862170087975,0.5073313782991202
2020,Mujer,"Neoplasia maligna de los órganos digestivos y del peritoneo, excepto estomago",183,545,362,66.42201834862385,0.3357798165137615
2020,Mujer,Neoplasia maligna de los órganos genitourinarios,731,1202,471,39.1846921797005,0.608153078202995
2020,Mujer,"Neoplasia maligna de los órganos respiratorios e intratorácicos, excepto traquea y pulmon",104,146,42,28.767123287671232,0.7123287671232876
2020,Mujer,"Neoplasia maligna de ojo, encefalo y de otras partes del sistema nervioso",360,595,235,39.49579831932773,0.6050420168067226
2020,Mujer,Neoplasia maligna de pancreas,446,818,372,45.47677261613692,0.5452322738386308
2020,Mujer,"Neoplasia maligna de sitios mal definidos, de comportamiento incierto y los no especificados",1228,736,-492,-66.84782608695652,1.6684782608695652
2020,Mujer,"Neoplasia maligna de tejido linfático, de otros órganos hematopoyeticos",451,680,229,33.6764705882353,0.663235294117647
2020,Mujer,Neoplasia maligna del cuello del útero,800,1499,699,46.63108739159439,0.533689126084056
2020,Mujer,Neoplasia maligna del cuerpo del útero,278,212,-66,-31.132075471698112,1.3113207547169812
2020,Mujer,"Neoplasia maligna del labio, de la cavidad bucal y de la faringe",153,227,74,32.59911894273127,0.6740088105726872
2020,Mujer,"Neoplasia maligna del útero, parte no especificada",135,662,527,79.60725075528701,0.2039274924471299
2020,Mujer,Neoplasia maligna secundaria (metastasis),190,143,-47,-32.86713286713287,1.3286713286713288
2020,Mujer,Neoplasias benignas,95,57,-38,-66.66666666666666,1.6666666666666667
2020,Mujer,Otras ciertas afecciones originadas en el periodo perinatal,23,34,11,32.35294117647059,0.6764705882352942
2020,Mujer,Otras enfermedades del sistema circulatorio,916,177,-739,-417.5141242937853,5.175141242937853
2020,Mujer,Otras enfermedades del sistema digestivo,16,371,355,95.68733153638814,0.0431266846361186
2020,Mujer,"Otras enfermedades del sistema nervioso, excepto meningitis",184,411,227,55.23114355231144,0.44768856447688565
2020,Mujer,Otras enfermedades del sistema respiratorio,90,49,-41,-83.6734693877551,1.836734693877551
2020,Mujer,Otras enfermedades infecciosas y parasitarias,2385,135,-2250,-1666.6666666666667,17.666666666666668
2020,Mujer,Paro cardiaco,549,366,-183,-50.0,1.5
2020,Mujer,Resto de las demas enfermedades,19738,275,-19463,-7077.454545454546,71.77454545454546
2020,Mujer,"Retardo del crecimiento fetal, desnutrición fetal, gestación",361,400,39,9.75,0.9025
2020,Mujer,"Septicemia, excepto neonatal",1655,2334,679,29.091688089117397,0.709083119108826
2020,Mujer,Suicidios (lesiones autoinfligidas intencionalmente),195,181,-14,-7.734806629834254,1.0773480662983426
2020,Mujer,Sífilis congénita,3,1,-2,-200.0,3.0
2020,Mujer,Trastornos cardiovasculares originados en el periodo perinatal,4,14,10,71.42857142857143,0.2857142857142857
2020,Mujer,"Trastornos de la glandula tiroides, endocrinas y otras metabolicas",1758,511,-1247,-244.03131115459882,3.440313111545988
2020,Mujer,"Trastornos de la vesícula biliar, vias biliares y del pancreas",352,496,144,29.03225806451613,0.7096774193548387
2020,Mujer,Trastornos del sistema digestivo del feto y del recien nacido,14,12,-2,-16.666666666666664,1.1666666666666667
2020,Mujer,Trastornos endocrinos y metabolicos del feto y del recien nacido,13,14,1,7.142857142857142,0.9285714285714286
2020,Mujer,Trastornos hemorragicos y hematologicos del feto y del recien nacido,26,27,1,3.7037037037037033,0.9629629629629629
2020,Mujer,Trastornos mentales y del comportamiento,720,22,-698,-3172.7272727272725,32.72727272727273
2020,Mujer,Trastornos respiratorios específicos del periodo perinatal,151,523,372,71.1281070745698,0.2887189292543021
2020,Mujer,Trastornos respiratorios no especificados,33,98,65,66.3265306122449,0.336734693877551
2020,Mujer,Tuberculosis,303,555,252,45.40540540540541,0.5459459459459459
2021,Hombre,Accidentes de transporte terrestre,2223,2710,487,17.97047970479705,0.8202952029520295
2021,Hombre,Accidentes por Ahogamiento y sumersión,95,617,522,84.60291734197732,0.1539708265802269
2021,Hombre,Accidentes por disparo de arma de fuego,8,152,144,94.73684210526315,0.05263157894736842
2021,Hombre,Accidentes por fuerzas de la naturaleza,24,58,34,58.620689655172406,0.41379310344827586
2021,Hombre,Accidentes por fuerzas mecanicas (inanimadas y animadas),8,23,15,65.21739130434783,0.34782608695652173
2021,Hombre,Accidentes por otro tipo de transporte,35,51,16,31.372549019607842,0.6862745098039216
2021,Hombre,Accidentes que obstruyen la respiración,20,1755,1735,98.86039886039886,0.011396011396011397
2021,Hombre,Afecciones de la pleura,200,135,-65,-48.148148148148145,1.4814814814814814
2021,Hombre,"Anemias hemoliticas, aplasticas y otras anemias",771,404,-367,-90.84158415841584,1.9084158415841583
2021,Hombre,Aneurimas,68,79,11,13.924050632911392,0.8607594936708861
2021,Hombre,"Apendicitis, hernia de la cavidad abdominal y obstrucción intestinal",552,715,163,22.797202797202797,0.772027972027972
2021,Hombre,Arteriosclerosis,82,27,-55,-203.70370370370372,3.037037037037037
2021,Hombre,Asma,250,292,42,14.383561643835616,0.8561643835616438
2021,Hombre,Caídas,59,202,143,70.79207920792079,0.29207920792079206
2021,Hombre,Ciertas enfermedades inmunoprevenibles,9,9,0,0.0,1.0
2021,Hombre,Ciertas enfermedades transmitidas por vectores y rabia,55,60,5,8.333333333333332,0.9166666666666666
2021,Hombre,Cirrosis y ciertas otras enfermedades crónicas del hígado,2722,3452,730,21.147161066048668,0.7885283893395133
2021,Hombre,Covid-19,43460,64964,21504,33.10141001169879,0.6689858998830122
2021,Hombre,Defectos de la coagulación en organos hematopoyeticos y trastornos que afectan al mecanismo de la inmunidad,228,159,-69,-43.39622641509434,1.4339622641509433
2021,Hombre,Deficiencias nutricionales y anemias nutricionales,985,814,-171,-21.007371007371006,1.21007371007371
2021,Hombre,Degeneracion de sistemas multiples,81,0,-81,,
2021,Hombre,Diabetes mellitus,5294,4764,-530,-11.125104953820319,1.111251049538203
2021,Hombre,Edema Pulmonar,225,133,-92,-69.17293233082707,1.6917293233082706
2021,Hombre,Edema cerebral,265,523,258,49.330783938814534,0.5066921606118547
2021,Hombre,"Embolia, trombosis arteriales y otros trastornos arteriales o arteriolares",193,71,-122,-171.83098591549296,2.7183098591549295
2021,Hombre,Encefalitis viral,11,26,15,57.692307692307686,0.4230769230769231
2021,Hombre,"Encefalitis, mielitis y encefalomielitis",57,88,31,35.22727272727273,0.6477272727272727
2021,Hombre,"Enfermedad cardiopulmonar, enfermedades de la circulación pulmonar",228,900,672,74.66666666666667,0.25333333333333335
2021,Hombre,Enfermedad de Alzheimer,189,265,76,28.67924528301887,0.7132075471698113
2021,Hombre,Enfermedad del parkinson,422,331,-91,-27.492447129909365,1.2749244712990937
2021,Hombre,Enfermedad por el VIH (SIDA),1047,1336,289,21.631736526946106,0.7836826347305389
2021,Hombre,Enfermedad pulmonar intersticial,2138,3600,1462,40.61111111111111,0.5938888888888889
2021,Hombre,Enfermedad pulmonar obstructiva cronica (EPOC),616,790,174,22.025316455696203,0.779746835443038
2021,Hombre,Enfermedades cerebrovasculares,2634,4664,2030,43.524871355060036,0.5647512864493996
2021,Hombre,Enfermedades de la piel,353,285,-68,-23.859649122807017,1.2385964912280703
2021,Hombre,"Enfermedades del esofago, estomago y del duodeno",579,460,-119,-25.869565217391305,1.258695652173913
2021,Hombre,"Enfermedades del peritoneo, peritonitis y otros",264,375,111,29.599999999999998,0.704
2021,Hombre,Enfermedades del pulmon debidas a agentes externos,708,71,-637,-897.1830985915492,9.971830985915492
2021,Hombre,Enfermedades del sistema urinario,652,853,201,23.563892145369287,0.7643610785463072
2021,Hombre,Enfermedades hipertensivas,8760,2041,-6719,-329.2013718765311,4.292013718765311
2021,Hombre,Enfermedades infecciosas intestinales,138,223,85,38.11659192825112,0.6188340807174888
2021,Hombre,Enfermedades isquémicas del corazón,5506,11814,6308,53.394277975283565,0.4660572202471644
2021,Hombre,"Envenenamientos por, y exposición a sustancias nocivas",18,473,455,96.19450317124736,0.03805496828752643
2021,Hombre,Epilepsia y estado de mal epileptico,325,336,11,3.273809523809524,0.9672619047619048
2021,Hombre,Esclerosis multiple,23,20,-3,-15.0,1.15
2021,Hombre,"Eventos relacionados al embarazo, parto y puerperio",48,0,-48,,
2021,Hombre,Exposición a la corriente eléctrica,24,116,92,79.3103448275862,0.20689655172413793
2021,Hombre,Feto y recién nacido afectados por ciertas afecciones materna,1,0,-1,,
2021,Hombre,Feto y recién nacido afectados por complicaciones obstétrica,23,10,-13,-130.0,2.3
2021,Hombre,Fiebre reumática aguda y enfermedades cardíacas reumáticas cronicas,40,30,-10,-33.33333333333333,1.3333333333333333
2021,Hombre,"Hemorragia gastrointestinal (hematemesis, melena y las no especificadas)",459,537,78,14.52513966480447,0.8547486033519553
2021,Hombre,Hepatitis B,43,30,-13,-43.333333333333336,1.4333333333333333
2021,Hombre,Hiperplasia de próstata,590,659,69,10.47040971168437,0.8952959028831563
2021,Hombre,Homicidios (agresiones infligidas por otra persona),1223,1281,58,4.5277127244340365,0.9547228727556596
2021,Hombre,Incidentes ocurridos al paciente durante la atencion medica y quirurgica,39,45,6,13.333333333333334,0.8666666666666667
2021,Hombre,Infecciones especificas del periodo perinatal,152,429,277,64.56876456876456,0.3543123543123543
2021,Hombre,Infecciones respiratorias agudas altas,31,20,-11,-55.00000000000001,1.55
2021,Hombre,Infecciones respiratorias agudas bajas,5469,6948,1479,21.286701208981,0.7871329879101899
2021,Hombre,Insuficiencia cardíaca,1224,1381,157,11.368573497465604,0.8863142650253439
2021,Hombre,"Insuficiencia renal, incluye la aguda, cronica y la no especificadas",3097,2180,-917,-42.06422018348624,1.4206422018348623
2021,Hombre,Insuficiencia respiratoria,2270,934,-1336,-143.0406852248394,2.430406852248394
2021,Hombre,Las demás causas externas,1233,2934,1701,57.97546012269939,0.42024539877300615
2021,Hombre,Lesiones de intención no determinada,1452,442,-1010,-228.50678733031674,3.2850678733031673
2021,Hombre,Leucemia,452,852,400,46.948356807511736,0.5305164319248826
2021,Hombre,"Malformaciones congénitas, deformidades y anomalías cromosomicas",726,1679,953,56.75997617629541,0.4324002382370459
2021,Hombre,Meningitis,50,58,8,13.793103448275861,0.8620689655172413
2021,Hombre,Neoplasia maligna de colon y de la unión rectosigmoidea,683,869,186,21.40391254315305,0.7859608745684695
2021,Hombre,Neoplasia maligna de estómago,1425,2355,930,39.490445859872615,0.6050955414012739
2021,Hombre,Neoplasia maligna de higado y vias biliares,815,1350,535,39.62962962962963,0.6037037037037037
2021,Hombre,Neoplasia maligna de la glandula tiroides y de otras glandulas endocrinas,71,122,51,41.80327868852459,0.5819672131147541
2021,Hombre,Neoplasia maligna de la mama,2,12,10,83.33333333333334,0.16666666666666666
2021,Hombre,Neoplasia maligna de la piel,205,351,146,41.5954415954416,0.584045584045584
2021,Hombre,Neoplasia maligna de la próstata,1673,2823,1150,40.73680481756996,0.5926319518243004
2021,Hombre,"Neoplasia maligna de la tráquea, los bronquios y el pulmón",676,1235,559,45.26315789473684,0.5473684210526316
2021,Hombre,"Neoplasia maligna de los huesos, cartilagos y tejido conjuntivo",183,363,180,49.586776859504134,0.5041322314049587
2021,Hombre,"Neoplasia maligna de los órganos digestivos y del peritoneo, excepto estomago",278,691,413,59.7684515195369,0.402315484804631
2021,Hombre,Neoplasia maligna de los órganos genitourinarios,534,868,334,38.47926267281106,0.6152073732718893
2021,Hombre,"Neoplasia maligna de los órganos respiratorios e intratorácicos, excepto traquea y pulmon",180,233,53,22.746781115879827,0.7725321888412017
2021,Hombre,"Neoplasia maligna de ojo, encefalo y de otras partes del sistema nervioso",391,781,390,49.9359795134443,0.5006402048655569
2021,Hombre,Neoplasia maligna de pancreas,427,689,262,38.02612481857765,0.6197387518142236
2021,Hombre,"Neoplasia maligna de sitios mal definidos, de comportamiento incierto y los no especificados",1191,1027,-164,-15.96884128529698,1.1596884128529699
2021,Hombre,"Neoplasia maligna de tejido linfático, de otros órganos hematopoyeticos",607,839,232,27.65196662693683,0.7234803337306317
2021,Hombre,Neoplasia maligna del cuello del útero,2,0,-2,,
2021,Hombre,Neoplasia maligna del cuerpo del útero,2,0,-2,,
2021,Hombre,"Neoplasia maligna del labio, de la cavidad bucal y de la faringe",188,288,100,34.72222222222222,0.6527777777777778
2021,Hombre,Neoplasia maligna secundaria (metastasis),165,77,-88,-114.28571428571428,2.142857142857143
2021,Hombre,Neoplasias benignas,71,51,-20,-39.21568627450981,1.392156862745098
2021,Hombre,Otras ciertas afecciones originadas en el periodo perinatal,34,72,38,52.77777777777778,0.4722222222222222
2021,Hombre,Otras enfermedades del sistema circulatorio,1394,126,-1268,-1006.3492063492063,11.063492063492063
2021,Hombre,Otras enfermedades del sistema digestivo,30,471,441,93.63057324840764,0.06369426751592357
2021,Hombre,"Otras enfermedades del sistema nervioso, excepto meningitis",302,677,375,55.391432791728214,0.4460856720827179
2021,Hombre,Otras enfermedades del sistema respiratorio,102,151,49,32.450331125827816,0.6754966887417219
2021,Hombre,Otras enfermedades infecciosas y parasitarias,2060,179,-1881,-1050.8379888268155,11.508379888268156
2021,Hombre,Paro cardiaco,752,313,-439,-140.2555910543131,2.402555910543131
2021,Hombre,Resto de las demas enfermedades,24380,535,-23845,-4457.009345794393,45.570093457943926
2021,Hombre,"Retardo del crecimiento fetal, desnutrición fetal, gestación",541,456,-85,-18.640350877192983,1.1864035087719298
2021,Hombre,"Septicemia, excepto neonatal",1921,2392,471,19.690635451505017,0.8030936454849499
2021,Hombre,Suicidios (lesiones autoinfligidas intencionalmente),533,584,51,8.732876712328768,0.9126712328767124
2021,Hombre,Trastornos cardiovasculares originados en el periodo perinatal,9,20,11,55.00000000000001,0.45
2021,Hombre,"Trastornos de la glandula tiroides, endocrinas y otras metabolicas",2504,516,-1988,-385.27131782945736,4.852713178294573
2021,Hombre,"Trastornos de la vesícula biliar, vias biliares y del pancreas",360,500,140,28.000000000000004,0.72
2021,Hombre,Trastornos del sistema digestivo del feto y del recien nacido,21,38,17,44.73684210526316,0.5526315789473685
2021,Hombre,Trastornos endocrinos y metabolicos del feto y del recien nacido,30,3,-27,-900.0,10.0
2021,Hombre,Trastornos hemorragicos y hematologicos del feto y del recien nacido,41,58,17,29.310344827586203,0.7068965517241379
2021,Hombre,Trastornos mentales y del comportamiento,887,295,-592,-200.6779661016949,3.006779661016949
2021,Hombre,Trastornos respiratorios específicos del periodo perinatal,232,767,535,69.75228161668839,0.30247718383311606
2021,Hombre,Trastornos respiratorios no especificados,57,90,33,36.666666666666664,0.6333333333333333
2021,Hombre,Tuberculosis,814,1295,481,37.142857142857146,0.6285714285714286
2021,Mujer,Accidentes de transporte terrestre,651,923,272,29.469122426868903,0.7053087757313109
2021,Mujer,Accidentes por Ahogamiento y sumersión,39,196,157,80.10204081632652,0.1989795918367347
2021,Mujer,Accidentes por fuerzas de la naturaleza,17,49,32,65.3061224489796,0.3469387755102041
2021,Mujer,Accidentes por fuerzas mecanicas (inanimadas y animadas),4,16,12,75.0,0.25
2021,Mujer,Accidentes por otro tipo de transporte,13,35,22,62.857142857142854,0.37142857142857144
2021,Mujer,Accidentes que obstruyen la respiración,8,1356,1348,99.41002949852508,0.0058997050147492625
2021,Mujer,Afecciones de la pleura,153,108,-45,-41.66666666666667,1.4166666666666667
2021,Mujer,"Anemias hemoliticas, aplasticas y otras anemias",938,534,-404,-75.65543071161048,1.756554307116105
2021,Mujer,Aneurimas,65,76,11,14.473684210526317,0.8552631578947368
2021,Mujer,"Apendicitis, hernia de la cavidad abdominal y obstrucción intestinal",440,574,134,23.34494773519164,0.7665505226480837
2021,Mujer,Arteriosclerosis,98,43,-55,-127.90697674418605,2.2790697674418605
2021,Mujer,Asma,213,283,70,24.73498233215548,0.7526501766784452
2021,Mujer,Caídas,24,80,56,70.0,0.3
2021,Mujer,Ciertas enfermedades inmunoprevenibles,2,10,8,80.0,0.2
2021,Mujer,Ciertas enfermedades transmitidas por vectores y rabia,38,47,9,19.148936170212767,0.8085106382978723
2021,Mujer,Cirrosis y ciertas otras enfermedades crónicas del hígado,1671,2075,404,19.46987951807229,0.8053012048192771
2021,Mujer,Covid-19,24340,39384,15044,38.19825309770465,0.6180174690229535
2021,Mujer,Defectos de la coagulación en organos hematopoyeticos y trastornos que afectan al mecanismo de la inmunidad,186,157,-29,-18.471337579617835,1.1847133757961783
2021,Mujer,Deficiencias nutricionales y anemias nutricionales,1015,1027,12,1.1684518013631937,0.9883154819863681
2021,Mujer,Degeneracion de sistemas multiples,59,2,-57,-2850.0,29.5
2021,Mujer,Diabetes mellitus,4978,5097,119,2.334706690209927,0.9766529330979007
2021,Mujer,Edema Pulmonar,194,110,-84,-76.36363636363637,1.7636363636363637
2021,Mujer,Edema cerebral,162,296,134,45.27027027027027,0.5472972972972973
2021,Mujer,"Embolia, trombosis arteriales y otros trastornos arteriales o arteriolares",203,89,-114,-128.08988764044943,2.2808988764044944
2021,Mujer,Encefalitis viral,1,16,15,93.75,0.0625
2021,Mujer,"Encefalitis, mielitis y encefalomielitis",34,66,32,48.484848484848484,0.5151515151515151
2021,Mujer,"Enfermedad cardiopulmonar, enfermedades de la circulación pulmonar",217,1010,793,78.51485148514851,0.21485148514851485
2021,Mujer,Enfermedad de Alzheimer,280,472,192,40.67796610169492,0.5932203389830508
2021,Mujer,Enfermedad del parkinson,235,216,-19,-8.796296296296296,1.087962962962963
2021,Mujer,Enfermedad por el VIH (SIDA),225,338,113,33.43195266272189,0.665680473372781
2021,Mujer,Enfermedad pulmonar intersticial,1768,3196,1428,44.680851063829785,0.5531914893617021
2021,Mujer,Enfermedad pulmonar obstructiva cronica (EPOC),477,738,261,35.36585365853659,0.6463414634146342
2021,Mujer,Enfermedades cerebrovasculares,2444,4773,2329,48.79530693484182,0.5120469306515818
2021,Mujer,Enfermedades de la piel,497,502,5,0.9960159362549801,0.9900398406374502
2021,Mujer,"Enfermedades del esofago, estomago y del duodeno",677,544,-133,-24.448529411764707,1.244485294117647
2021,Mujer,"Enfermedades del peritoneo, peritonitis y otros",239,385,146,37.922077922077925,0.6207792207792208
2021,Mujer,Enfermedades del pulmon debidas a agentes externos,541,42,-499,-1188.095238095238,12.880952380952381
2021,Mujer,Enfermedades del sistema urinario,962,1408,446,31.676136363636363,0.6832386363636364
2021,Mujer,Enfermedades hipertensivas,8001,2320,-5681,-244.8706896551724,3.448706896551724
2021,Mujer,Enfermedades infecciosas intestinales,137,198,61,30.808080808080806,0.6919191919191919
2021,Mujer,Enfermedades isquémicas del corazón,4733,10984,6251,56.91005098324836,0.4308994901675164
2021,Mujer,"Envenenamientos por, y exposición a sustancias nocivas",4,232,228,98.27586206896551,0.017241379310344827
2021,Mujer,Epilepsia y estado de mal epileptico,270,263,-7,-2.6615969581749046,1.026615969581749
2021,Mujer,Esclerosis multiple,25,21,-4,-19.047619047619047,1.1904761904761905
2021,Mujer,"Eventos relacionados al embarazo, parto y puerperio",176,249,73,29.31726907630522,0.7068273092369478
2021,Mujer,Exposición a la corriente eléctrica,7,29,22,75.86206896551724,0.2413793103448276
2021,Mujer,"Exposición al humo, fuego y llamas",1,45,44,97.77777777777777,0.022222222222222223
2021,Mujer,Feto y recién nacido afectados por ciertas afecciones materna,11,0,-11,,
2021,Mujer,Feto y recién nacido afectados por complicaciones obstétrica,11,6,-5,-83.33333333333334,1.8333333333333333
2021,Mujer,Fiebre reumática aguda y enfermedades cardíacas reumáticas cronicas,39,35,-4,-11.428571428571429,1.1142857142857143
2021,Mujer,"Hemorragia gastrointestinal (hematemesis, melena y las no especificadas)",345,489,144,29.447852760736197,0.7055214723926381
2021,Mujer,Hepatitis B,18,11,-7,-63.63636363636363,1.6363636363636365
2021,Mujer,Hiperplasia de próstata,1,0,-1,,
2021,Mujer,Homicidios (agresiones infligidas por otra persona),212,251,39,15.53784860557769,0.8446215139442231
2021,Mujer,Incidentes ocurridos al paciente durante la atencion medica y quirurgica,32,50,18,36.0,0.64
2021,Mujer,Infecciones especificas del periodo perinatal,114,322,208,64.59627329192547,0.35403726708074534
2021,Mujer,Infecciones respiratorias agudas altas,18,10,-8,-80.0,1.8
2021,Mujer,Infecciones respiratorias agudas bajas,4193,6103,1910,31.296083893167292,0.6870391610683271
2021,Mujer,Insuficiencia cardíaca,1263,1569,306,19.50286806883365,0.8049713193116634
2021,Mujer,"Insuficiencia renal, incluye la aguda, cronica y la no especificadas",2305,2119,-186,-8.77772534214252,1.0877772534214252
2021,Mujer,Insuficiencia respiratoria,1757,899,-858,-95.43937708565072,1.9543937708565073
2021,Mujer,Las demás causas externas,314,1063,749,70.46095954844779,0.2953904045155221
2021,Mujer,Lesiones de intención no determinada,409,146,-263,-180.13698630136986,2.8013698630136985
2021,Mujer,Leucemia,418,725,307,42.3448275862069,0.576551724137931
2021,Mujer,"Malformaciones congénitas, deformidades y anomalías cromosomicas",651,1532,881,57.5065274151436,0.42493472584856395
2021,Mujer,Meningitis,46,68,22,32.35294117647059,0.6764705882352942
2021,Mujer,Neoplasia maligna de colon y de la unión rectosigmoidea,816,1094,278,25.411334552102378,0.7458866544789763
2021,Mujer,Neoplasia maligna de estómago,1349,2291,942,41.117415975556526,0.5888258402444347
2021,Mujer,Neoplasia maligna de higado y vias biliares,1057,1792,735,41.015625,0.58984375
2021,Mujer,Neoplasia maligna de la glandula tiroides y de otras glandulas endocrinas,178,307,129,42.01954397394137,0.5798045602605864
2021,Mujer,Neoplasia maligna de la mama,1185,1923,738,38.37753510140406,0.6162246489859594
2021,Mujer,Neoplasia maligna de la piel,229,377,148,39.257294429708224,0.6074270557029178
2021,Mujer,Neoplasia maligna de la próstata,5,0,-5,,
2021,Mujer,"Neoplasia maligna de la tráquea, los bronquios y el pulmón",722,1308,586,44.801223241590215,0.5519877675840978
2021,Mujer,"Neoplasia maligna de los huesos, cartilagos y tejido conjuntivo",175,340,165,48.529411764705884,0.5147058823529411
2021,Mujer,"Neoplasia maligna de los órganos digestivos y del peritoneo, excepto estomago",215,636,421,66.19496855345912,0.3380503144654088
2021,Mujer,Neoplasia maligna de los órganos genitourinarios,751,1229,478,38.89340927583401,0.6110659072416599
2021,Mujer,"Neoplasia maligna de los órganos respiratorios e intratorácicos, excepto traquea y pulmon",114,145,31,21.379310344827587,0.7862068965517242
2021,Mujer,"Neoplasia maligna de ojo, encefalo y de otras partes del sistema nervioso",359,643,284,44.16796267496112,0.5583203732503889
2021,Mujer,Neoplasia maligna de pancreas,527,838,311,37.11217183770883,0.6288782816229117
2021,Mujer,"Neoplasia maligna de sitios mal definidos, de comportamiento incierto y los no especificados",1476,1166,-310,-26.58662092624357,1.2658662092624358
2021,Mujer,"Neoplasia maligna de tejido linfático, de otros órganos hematopoyeticos",458,712,254,35.674157303370784,0.6432584269662921
2021,Mujer,Neoplasia maligna del cuello del útero,778,1628,850,52.21130221130221,0.47788697788697787
2021,Mujer,Neoplasia maligna del cuerpo del útero,244,237,-7,-2.9535864978902953,1.029535864978903
2021,Mujer,"Neoplasia maligna del labio, de la cavidad bucal y de la faringe",129,222,93,41.891891891891895,0.581081081081081
2021,Mujer,"Neoplasia maligna del útero, parte no especificada",181,655,474,72.36641221374046,0.27633587786259545
2021,Mujer,Neoplasia maligna secundaria (metastasis),227,104,-123,-118.26923076923077,2.1826923076923075
2021,Mujer,Neoplasias benignas,93,73,-20,-27.397260273972602,1.273972602739726
2021,Mujer,Otras ciertas afecciones originadas en el periodo perinatal,28,53,25,47.16981132075472,0.5283018867924528
2021,Mujer,Otras enfermedades del sistema circulatorio,1265,122,-1143,-936.8852459016393,10.368852459016393
2021,Mujer,Otras enfermedades del sistema digestivo,19,446,427,95.73991031390135,0.042600896860986545
2021,Mujer,"Otras enfermedades del sistema nervioso, excepto meningitis",229,541,312,57.67097966728281,0.4232902033271719
2021,Mujer,Otras enfermedades del sistema respiratorio,113,110,-3,-2.727272727272727,1.0272727272727273
2021,Mujer,Otras enfermedades infecciosas y parasitarias,1141,125,-1016,-812.8,9.128
2021,Mujer,Paro cardiaco,690,279,-411,-147.31182795698925,2.4731182795698925
2021,Mujer,Resto de las demas enfermedades,20794,870,-19924,-2290.114942528736,23.901149425287358
2021,Mujer,"Retardo del crecimiento fetal, desnutrición fetal, gestación",394,358,-36,-10.05586592178771,1.100558659217877
2021,Mujer,"Septicemia, excepto neonatal",1870,2544,674,26.493710691823903,0.735062893081761
2021,Mujer,Suicidios (lesiones autoinfligidas intencionalmente),267,294,27,9.183673469387756,0.9081632653061225
2021,Mujer,Trastornos cardiovasculares originados en el periodo perinatal,5,21,16,76.19047619047619,0.23809523809523808
2021,Mujer,"Trastornos de la glandula tiroides, endocrinas y otras metabolicas",2690,582,-2108,-362.1993127147766,4.621993127147766
2021,Mujer,"Trastornos de la vesícula biliar, vias biliares y del pancreas",425,619,194,31.340872374798064,0.6865912762520194
2021,Mujer,Trastornos del sistema digestivo del feto y del recien nacido,18,24,6,25.0,0.75
2021,Mujer,Trastornos endocrinos y metabolicos del feto y del recien nacido,24,3,-21,-700.0,8.0
2021,Mujer,Trastornos hemorragicos y hematologicos del feto y del recien nacido,27,40,13,32.5,0.675
2021,Mujer,Trastornos mentales y del comportamiento,825,322,-503,-156.2111801242236,2.562111801242236
2021,Mujer,Trastornos respiratorios específicos del periodo perinatal,166,651,485,74.50076804915514,0.25499231950844853
2021,Mujer,Trastornos respiratorios no especificados,44,105,61,58.0952380952381,0.41904761904761906
2021,Mujer,Tuberculosis,348,617,269,43.59805510534846,0.5640194489465153
2022,Hombre,Accidentes de transporte terrestre,1978,1924,-54,-2.806652806652807,1.028066528066528
2022,Hombre,Accidentes por Ahogamiento y sumersión,101,852,751,88.14553990610328,0.11854460093896714
2022,Hombre,Accidentes por disparo de arma de fuego,16,99,83,83.83838383838383,0.16161616161616163
2022,Hombre,Accidentes por fuerzas de la naturaleza,24,108,84,77.77777777777779,0.2222222222222222
2022,Hombre,Accidentes por fuerzas mecanicas (inanimadas y animadas),13,66,53,80.3030303030303,0.19696969696969696
2022,Hombre,Accidentes por otro tipo de transporte,36,362,326,90.05524861878453,0.09944751381215469
2022,Hombre,Accidentes que obstruyen la respiración,24,1926,1902,98.75389408099689,0.012461059190031152
2022,Hombre,Afecciones de la pleura,188,195,7,3.5897435897435894,0.9641025641025641
2022,Hombre,"Anemias hemoliticas, aplasticas y otras anemias",632,329,-303,-92.09726443768997,1.9209726443768997
2022,Hombre,Aneurimas,61,140,79,56.42857142857143,0.4357142857142857
2022,Hombre,"Apendicitis, hernia de la cavidad abdominal y obstrucción intestinal",491,915,424,46.33879781420765,0.5366120218579234
2022,Hombre,Arteriosclerosis,69,56,-13,-23.214285714285715,1.2321428571428572
2022,Hombre,Asma,116,340,224,65.88235294117646,0.3411764705882353
2022,Hombre,Caídas,47,193,146,75.64766839378238,0.24352331606217617
2022,Hombre,Ciertas enfermedades inmunoprevenibles,10,7,-3,-42.857142857142854,1.4285714285714286
2022,Hombre,Ciertas enfermedades transmitidas por vectores y rabia,60,134,74,55.223880597014926,0.44776119402985076
2022,Hombre,Cirrosis y ciertas otras enfermedades crónicas del hígado,2808,5232,2424,46.330275229357795,0.536697247706422
2022,Hombre,Covid-19,3073,11446,8373,73.15219290581862,0.26847807094181375
2022,Hombre,Defectos de la coagulación en organos hematopoyeticos y trastornos que afectan al mecanismo de la inmunidad,183,176,-7,-3.977272727272727,1.0397727272727273
2022,Hombre,Deficiencias nutricionales y anemias nutricionales,1020,896,-124,-13.839285714285715,1.1383928571428572
2022,Hombre,Degeneracion de sistemas multiples,63,5,-58,-1160.0,12.6
2022,Hombre,Diabetes mellitus,2915,4378,1463,33.41708542713568,0.6658291457286433
2022,Hombre,Edema Pulmonar,157,205,48,23.414634146341466,0.7658536585365854
2022,Hombre,Edema cerebral,240,684,444,64.91228070175438,0.3508771929824561
2022,Hombre,"Embolia, trombosis arteriales y otros trastornos arteriales o arteriolares",176,124,-52,-41.935483870967744,1.4193548387096775
2022,Hombre,Encefalitis viral,10,23,13,56.52173913043478,0.43478260869565216
2022,Hombre,"Encefalitis, mielitis y encefalomielitis",46,105,59,56.19047619047619,0.4380952380952381
2022,Hombre,"Enfermedad cardiopulmonar, enfermedades de la circulación pulmonar",204,1153,949,82.30702515177796,0.1769297484822203
2022,Hombre,Enfermedad de Alzheimer,153,286,133,46.50349650349651,0.534965034965035
2022,Hombre,Enfermedad del parkinson,315,403,88,21.83622828784119,0.7816377171215881
2022,Hombre,Enfermedad por el VIH (SIDA),901,1289,388,30.100853374709075,0.6989914662529092
2022,Hombre,Enfermedad pulmonar intersticial,2280,4315,2035,47.161066048667436,0.5283893395133256
2022,Hombre,Enfermedad pulmonar obstructiva cronica (EPOC),447,712,265,37.21910112359551,0.6278089887640449
2022,Hombre,Enfermedades cerebrovasculares,2414,5709,3295,57.71588719565598,0.4228411280434402
2022,Hombre,Enfermedades de la piel,364,560,196,35.0,0.65
2022,Hombre,"Enfermedades del esofago, estomago y del duodeno",474,570,96,16.842105263157894,0.8315789473684211
2022,Hombre,"Enfermedades del peritoneo, peritonitis y otros",263,348,85,24.42528735632184,0.7557471264367817
2022,Hombre,Enfermedades del pulmon debidas a agentes externos,592,139,-453,-325.8992805755396,4.258992805755396
2022,Hombre,Enfermedades del sistema urinario,601,683,82,12.005856515373353,0.8799414348462665
2022,Hombre,Enfermedades hipertensivas,4791,2130,-2661,-124.92957746478872,2.249295774647887
2022,Hombre,Enfermedades infecciosas intestinales,122,324,202,62.34567901234568,0.3765432098765432
2022,Hombre,Enfermedades isquémicas del corazón,4301,10327,6026,58.35189309576837,0.41648106904231624
2022,Hombre,"Envenenamientos por, y exposición a sustancias nocivas",12,684,672,98.24561403508771,0.017543859649122806
2022,Hombre,Epilepsia y estado de mal epileptico,335,560,225,40.17857142857143,0.5982142857142857
2022,Hombre,Esclerosis multiple,10,12,2,16.666666666666664,0.8333333333333334
2022,Hombre,"Eventos relacionados al embarazo, parto y puerperio",33,0,-33,,
2022,Hombre,Exposición a la corriente eléctrica,19,139,120,86.33093525179856,0.1366906474820144
2022,Hombre,"Exposición al humo, fuego y llamas",2,151,149,98.67549668874173,0.013245033112582781
2022,Hombre,Feto y recién nacido afectados por ciertas afecciones materna,6,3,-3,-100.0,2.0
2022,Hombre,Feto y recién nacido afectados por complicaciones obstétrica,16,12,-4,-33.33333333333333,1.3333333333333333
2022,Hombre,Fiebre reumática aguda y enfermedades cardíacas reumáticas cronicas,40,46,6,13.043478260869565,0.8695652173913043
2022,Hombre,"Hemorragia gastrointestinal (hematemesis, melena y las no especificadas)",387,591,204,34.51776649746193,0.6548223350253807
2022,Hombre,Hepatitis B,32,23,-9,-39.130434782608695,1.391304347826087
2022,Hombre,Hiperplasia de próstata,425,438,13,2.968036529680365,0.9703196347031964
2022,Hombre,Homicidios (agresiones infligidas por otra persona),1363,1164,-199,-17.096219931271477,1.1709621993127148
2022,Hombre,Incidentes ocurridos al paciente durante la atencion medica y quirurgica,29,64,35,54.6875,0.453125
2022,Hombre,Infecciones especificas del periodo perinatal,135,477,342,71.69811320754717,0.2830188679245283
2022,Hombre,Infecciones respiratorias agudas altas,18,0,-18,,
2022,Hombre,Infecciones respiratorias agudas bajas,5277,9849,4572,46.4209564422784,0.535790435577216
2022,Hombre,Insuficiencia cardíaca,996,802,-194,-24.189526184538654,1.2418952618453865
2022,Hombre,"Insuficiencia renal, incluye la aguda, cronica y la no especificadas",2434,2027,-407,-20.07893438579181,1.200789343857918
2022,Hombre,Insuficiencia respiratoria,1681,757,-924,-122.06076618229855,2.2206076618229855
2022,Hombre,Las demás causas externas,1237,4443,3206,72.15845149673645,0.2784154850326356
2022,Hombre,Lesiones de intención no determinada,1732,679,-1053,-155.08100147275405,2.5508100147275403
2022,Hombre,Leucemia,555,1115,560,50.224215246636774,0.4977578475336323
2022,Hombre,"Malformaciones congénitas, deformidades y anomalías cromosomicas",641,1471,830,56.42420122365738,0.4357579877634262
2022,Hombre,Meningitis,72,119,47,39.49579831932773,0.6050420168067226
2022,Hombre,Neoplasia maligna de colon y de la unión rectosigmoidea,742,1118,376,33.631484794275494,0.6636851520572451
2022,Hombre,Neoplasia maligna de estómago,1328,2777,1449,52.17861001080303,0.4782138998919698
2022,Hombre,Neoplasia maligna de higado y vias biliares,786,1680,894,53.214285714285715,0.46785714285714286
2022,Hombre,Neoplasia maligna de la glandula tiroides y de otras glandulas endocrinas,77,188,111,59.04255319148937,0.4095744680851064
2022,Hombre,Neoplasia maligna de la mama,14,9,-5,-55.55555555555556,1.5555555555555556
2022,Hombre,Neoplasia maligna de la piel,212,473,261,55.17970401691332,0.44820295983086683
2022,Hombre,Neoplasia maligna de la próstata,1504,2801,1297,46.30489111031774,0.5369510888968225
2022,Hombre,"Neoplasia maligna de la tráquea, los bronquios y el pulmón",696,1428,732,51.26050420168067,0.48739495798319327
2022,Hombre,"Neoplasia maligna de los huesos, cartilagos y tejido conjuntivo",167,466,299,64.16309012875536,0.3583690987124464
2022,Hombre,"Neoplasia maligna de los órganos digestivos y del peritoneo, excepto estomago",281,872,591,67.77522935779817,0.32224770642201833
2022,Hombre,Neoplasia maligna de los órganos genitourinarios,548,1077,529,49.11792014856082,0.5088207985143919
2022,Hombre,"Neoplasia maligna de los órganos respiratorios e intratorácicos, excepto traquea y pulmon",176,300,124,41.333333333333336,0.5866666666666667
2022,Hombre,"Neoplasia maligna de ojo, encefalo y de otras partes del sistema nervioso",404,937,533,56.883671291355384,0.4311632870864461
2022,Hombre,Neoplasia maligna de pancreas,477,855,378,44.21052631578947,0.5578947368421052
2022,Hombre,"Neoplasia maligna de sitios mal definidos, de comportamiento incierto y los no especificados",999,240,-759,-316.25,4.1625
2022,Hombre,"Neoplasia maligna de tejido linfático, de otros órganos hematopoyeticos",666,1062,396,37.28813559322034,0.6271186440677966
2022,Hombre,Neoplasia maligna del cuello del útero,3,0,-3,,
2022,Hombre,"Neoplasia maligna del labio, de la cavidad bucal y de la faringe",176,342,166,48.53801169590643,0.5146198830409356
2022,Hombre,"Neoplasia maligna del útero, parte no especificada",2,0,-2,,
2022,Hombre,Neoplasia maligna secundaria (metastasis),169,131,-38,-29.00763358778626,1.2900763358778626
2022,Hombre,Neoplasias benignas,66,0,-66,,
2022,Hombre,Otras ciertas afecciones originadas en el periodo perinatal,34,61,27,44.26229508196721,0.5573770491803278
2022,Hombre,Otras enfermedades del sistema circulatorio,1160,165,-995,-603.030303030303,7.03030303030303
2022,Hombre,Otras enfermedades del sistema digestivo,31,671,640,95.38002980625932,0.046199701937406856
2022,Hombre,"Otras enfermedades del sistema nervioso, excepto meningitis",270,622,352,56.59163987138264,0.4340836012861736
2022,Hombre,Otras enfermedades del sistema respiratorio,141,157,16,10.191082802547772,0.8980891719745223
2022,Hombre,Otras enfermedades infecciosas y parasitarias,375,296,-79,-26.68918918918919,1.2668918918918919
2022,Hombre,Paro cardiaco,521,205,-316,-154.14634146341464,2.5414634146341464
2022,Hombre,Resto de las demas enfermedades,17375,576,-16799,-2916.4930555555557,30.164930555555557
2022,Hombre,"Retardo del crecimiento fetal, desnutrición fetal, gestación",546,493,-53,-10.75050709939148,1.1075050709939147
2022,Hombre,"Septicemia, excepto neonatal",1757,2329,572,24.55989695148132,0.7544010304851868
2022,Hombre,Suicidios (lesiones autoinfligidas intencionalmente),499,669,170,25.411061285500747,0.7458893871449925
2022,Hombre,Sífilis congénita,4,4,0,0.0,1.0
2022,Hombre,Trastornos cardiovasculares originados en el periodo perinatal,10,29,19,65.51724137931035,0.3448275862068966
2022,Hombre,"Trastornos de la glandula tiroides, endocrinas y otras metabolicas",624,515,-109,-21.16504854368932,1.2116504854368932
2022,Hombre,"Trastornos de la vesícula biliar, vias biliares y del pancreas",361,717,356,49.651324965132495,0.5034867503486751
2022,Hombre,Trastornos del sistema digestivo del feto y del recien nacido,12,68,56,82.35294117647058,0.17647058823529413
2022,Hombre,Trastornos endocrinos y metabolicos del feto y del recien nacido,19,6,-13,-216.66666666666666,3.1666666666666665
2022,Hombre,Trastornos hemorragicos y hematologicos del feto y del recien nacido,37,73,36,49.31506849315068,0.5068493150684932
2022,Hombre,Trastornos mentales y del comportamiento,811,404,-407,-100.74257425742574,2.007425742574257
2022,Hombre,Trastornos respiratorios específicos del periodo perinatal,246,740,494,66.75675675675676,0.3324324324324324
2022,Hombre,Trastornos respiratorios no especificados,55,169,114,67.45562130177515,0.3254437869822485
2022,Hombre,Tuberculosis,789,1737,948,54.57685664939551,0.4542314335060449
2022,Mujer,Accidentes de transporte terrestre,614,607,-7,-1.1532125205930808,1.0115321252059308
2022,Mujer,Accidentes por Ahogamiento y sumersión,16,187,171,91.44385026737967,0.0855614973262032
2022,Mujer,Accidentes por disparo de arma de fuego,1,10,9,90.0,0.1
2022,Mujer,Accidentes por fuerzas de la naturaleza,17,54,37,68.51851851851852,0.3148148148148148
2022,Mujer,Accidentes por fuerzas mecanicas (inanimadas y animadas),5,13,8,61.53846153846154,0.38461538461538464
2022,Mujer,Accidentes por otro tipo de transporte,14,140,126,90.0,0.1
2022,Mujer,Accidentes que obstruyen la respiración,11,1031,1020,98.93307468477207,0.01066925315227934
2022,Mujer,Afecciones de la pleura,150,141,-9,-6.382978723404255,1.0638297872340425
2022,Mujer,"Anemias hemoliticas, aplasticas y otras anemias",723,361,-362,-100.2770083102493,2.0027700831024933
2022,Mujer,Aneurimas,61,90,29,32.22222222222222,0.6777777777777778
2022,Mujer,"Apendicitis, hernia de la cavidad abdominal y obstrucción intestinal",427,738,311,42.140921409214094,0.5785907859078591
2022,Mujer,Arteriosclerosis,72,61,-11,-18.0327868852459,1.180327868852459
2022,Mujer,Asma,112,293,181,61.774744027303754,0.3822525597269625
2022,Mujer,Caídas,15,42,27,64.28571428571429,0.35714285714285715
2022,Mujer,Ciertas enfermedades inmunoprevenibles,2,2,0,0.0,1.0
2022,Mujer,Ciertas enfermedades transmitidas por vectores y rabia,46,91,45,49.45054945054945,0.5054945054945055
2022,Mujer,Cirrosis y ciertas otras enfermedades crónicas del hígado,1651,2392,741,30.978260869565215,0.6902173913043478
2022,Mujer,Covid-19,2084,7776,5692,73.19958847736625,0.26800411522633744
2022,Mujer,Defectos de la coagulación en organos hematopoyeticos y trastornos que afectan al mecanismo de la inmunidad,164,146,-18,-12.32876712328767,1.1232876712328768
2022,Mujer,Deficiencias nutricionales y anemias nutricionales,1050,980,-70,-7.142857142857142,1.0714285714285714
2022,Mujer,Degeneracion de sistemas multiples,60,10,-50,-500.0,6.0
2022,Mujer,Diabetes mellitus,2950,3944,994,25.202839756592294,0.7479716024340771
2022,Mujer,Edema Pulmonar,146,97,-49,-50.51546391752577,1.5051546391752577
2022,Mujer,Edema cerebral,210,266,56,21.052631578947366,0.7894736842105263
2022,Mujer,"Embolia, trombosis arteriales y otros trastornos arteriales o arteriolares",226,141,-85,-60.28368794326241,1.6028368794326242
2022,Mujer,Encefalitis viral,2,21,19,90.47619047619048,0.09523809523809523
2022,Mujer,"Encefalitis, mielitis y encefalomielitis",25,49,24,48.97959183673469,0.5102040816326531
2022,Mujer,"Enfermedad cardiopulmonar, enfermedades de la circulación pulmonar",222,1057,835,78.99716177861873,0.21002838221381268
2022,Mujer,Enfermedad de Alzheimer,228,471,243,51.59235668789809,0.4840764331210191
2022,Mujer,Enfermedad del parkinson,169,246,77,31.300813008130078,0.6869918699186992
2022,Mujer,Enfermedad por el VIH (SIDA),241,296,55,18.58108108108108,0.8141891891891891
2022,Mujer,Enfermedad pulmonar intersticial,2011,3688,1677,45.47180043383948,0.5452819956616052
2022,Mujer,Enfermedad pulmonar obstructiva cronica (EPOC),459,743,284,38.22341857335128,0.6177658142664872
2022,Mujer,Enfermedades cerebrovasculares,2253,4967,2714,54.64062814576203,0.45359371854237973
2022,Mujer,Enfermedades de la piel,491,754,263,34.88063660477454,0.6511936339522546
2022,Mujer,"Enfermedades del esofago, estomago y del duodeno",474,489,15,3.067484662576687,0.9693251533742331
2022,Mujer,"Enfermedades del peritoneo, peritonitis y otros",268,304,36,11.842105263157894,0.881578947368421
2022,Mujer,Enfermedades del pulmon debidas a agentes externos,451,81,-370,-456.7901234567901,5.567901234567901
2022,Mujer,Enfermedades del sistema urinario,897,1018,121,11.886051080550098,0.881139489194499
2022,Mujer,Enfermedades hipertensivas,5228,2246,-2982,-132.76936776491542,2.327693677649154
2022,Mujer,Enfermedades infecciosas intestinales,123,309,186,60.19417475728155,0.39805825242718446
2022,Mujer,Enfermedades isquémicas del corazón,3878,8311,4433,53.33894838166285,0.46661051618337146
2022,Mujer,"Envenenamientos por, y exposición a sustancias nocivas",6,199,193,96.98492462311557,0.03015075376884422
2022,Mujer,Epilepsia y estado de mal epileptico,224,331,107,32.3262839879154,0.676737160120846
2022,Mujer,Esclerosis multiple,20,20,0,0.0,1.0
2022,Mujer,"Eventos relacionados al embarazo, parto y puerperio",127,267,140,52.43445692883895,0.4756554307116105
2022,Mujer,Exposición a la corriente eléctrica,9,25,16,64.0,0.36
2022,Mujer,Feto y recién nacido afectados por ciertas afecciones materna,3,5,2,40.0,0.6
2022,Mujer,Feto y recién nacido afectados por complicaciones obstétrica,11,7,-4,-57.14285714285714,1.5714285714285714
2022,Mujer,Fiebre reumática aguda y enfermedades cardíacas reumáticas cronicas,68,84,16,19.047619047619047,0.8095238095238095
2022,Mujer,"Hemorragia gastrointestinal (hematemesis, melena y las no especificadas)",287,381,94,24.671916010498688,0.7532808398950132
2022,Mujer,Hepatitis B,29,19,-10,-52.63157894736842,1.5263157894736843
2022,Mujer,Hiperplasia de próstata,2,0,-2,,
2022,Mujer,Homicidios (agresiones infligidas por otra persona),196,199,3,1.507537688442211,0.9849246231155779
2022,Mujer,Incidentes ocurridos al paciente durante la atencion medica y quirurgica,19,44,25,56.81818181818182,0.4318181818181818
2022,Mujer,Infecciones especificas del periodo perinatal,87,286,199,69.58041958041959,0.3041958041958042
2022,Mujer,Infecciones respiratorias agudas altas,21,0,-21,,
2022,Mujer,Infecciones respiratorias agudas bajas,5012,8398,3386,40.319123600857345,0.5968087639914266
2022,Mujer,Insuficiencia cardíaca,1090,869,-221,-25.431530494821637,1.2543153049482163
2022,Mujer,"Insuficiencia renal, incluye la aguda, cronica y la no especificadas",2066,1778,-288,-16.197975253093365,1.1619797525309337
2022,Mujer,Insuficiencia respiratoria,1527,692,-835,-120.66473988439306,2.2066473988439306
2022,Mujer,Las demás causas externas,248,1534,1286,83.83311603650587,0.16166883963494133
2022,Mujer,Lesiones de intención no determinada,535,78,-457,-585.8974358974359,6.858974358974359
2022,Mujer,Leucemia,449,788,339,43.02030456852792,0.5697969543147208
2022,Mujer,"Malformaciones congénitas, deformidades y anomalías cromosomicas",630,1185,555,46.835443037974684,0.5316455696202531
2022,Mujer,Meningitis,45,57,12,21.052631578947366,0.7894736842105263
2022,Mujer,Neoplasia maligna de colon y de la unión rectosigmoidea,864,1102,238,21.59709618874773,0.7840290381125227
2022,Mujer,Neoplasia maligna de estómago,1186,2236,1050,46.95885509838998,0.5304114490161002
2022,Mujer,Neoplasia maligna de higado y vias biliares,1063,2006,943,47.00897308075773,0.5299102691924227
2022,Mujer,Neoplasia maligna de la glandula tiroides y de otras glandulas endocrinas,168,322,154,47.82608695652174,0.5217391304347826
2022,Mujer,Neoplasia maligna de la mama,1164,1934,770,39.813857290589446,0.6018614270941055
2022,Mujer,Neoplasia maligna de la piel,199,433,234,54.04157043879908,0.45958429561200925
2022,Mujer,Neoplasia maligna de la próstata,4,0,-4,,
2022,Mujer,"Neoplasia maligna de la tráquea, los bronquios y el pulmón",765,1400,635,45.357142857142854,0.5464285714285714
2022,Mujer,"Neoplasia maligna de los huesos, cartilagos y tejido conjuntivo",180,392,212,54.08163265306123,0.45918367346938777
2022,Mujer,"Neoplasia maligna de los órganos digestivos y del peritoneo, excepto estomago",264,806,542,67.24565756823822,0.32754342431761785
2022,Mujer,Neoplasia maligna de los órganos genitourinarios,766,1236,470,38.02588996763754,0.6197411003236246
2022,Mujer,"Neoplasia maligna de los órganos respiratorios e intratorácicos, excepto traquea y pulmon",97,115,18,15.65217391304348,0.8434782608695652
2022,Mujer,"Neoplasia maligna de ojo, encefalo y de otras partes del sistema nervioso",360,748,388,51.87165775401069,0.48128342245989303
2022,Mujer,Neoplasia maligna de pancreas,572,923,351,38.028169014084504,0.6197183098591549
2022,Mujer,"Neoplasia maligna de sitios mal definidos, de comportamiento incierto y los no especificados",1337,196,-1141,-582.1428571428571,6.821428571428571
2022,Mujer,"Neoplasia maligna de tejido linfático, de otros órganos hematopoyeticos",505,724,219,30.248618784530386,0.6975138121546961
2022,Mujer,Neoplasia maligna del cuello del útero,775,1769,994,56.18993781797626,0.4381006218202374
2022,Mujer,Neoplasia maligna del cuerpo del útero,226,226,0,0.0,1.0
2022,Mujer,"Neoplasia maligna del labio, de la cavidad bucal y de la faringe",193,278,85,30.575539568345324,0.6942446043165468
2022,Mujer,"Neoplasia maligna del útero, parte no especificada",164,542,378,69.74169741697416,0.3025830258302583
2022,Mujer,Neoplasia maligna secundaria (metastasis),221,148,-73,-49.32432432432432,1.4932432432432432
2022,Mujer,Neoplasias benignas,93,0,-93,,
2022,Mujer,Otras ciertas afecciones originadas en el periodo perinatal,30,42,12,28.57142857142857,0.7142857142857143
2022,Mujer,Otras enfermedades del sistema circulatorio,977,116,-861,-742.2413793103449,8.422413793103448
2022,Mujer,Otras enfermedades del sistema digestivo,17,529,512,96.78638941398866,0.03213610586011342
2022,Mujer,"Otras enfermedades del sistema nervioso, excepto meningitis",223,412,189,45.87378640776699,0.5412621359223301
2022,Mujer,Otras enfermedades del sistema respiratorio,121,73,-48,-65.75342465753424,1.6575342465753424
2022,Mujer,Otras enfermedades infecciosas y parasitarias,267,201,-66,-32.83582089552239,1.328358208955224
2022,Mujer,Paro cardiaco,493,204,-289,-141.66666666666669,2.4166666666666665
2022,Mujer,Resto de las demas enfermedades,15801,803,-14998,-1867.7459526774594,19.677459526774594
2022,Mujer,"Retardo del crecimiento fetal, desnutrición fetal, gestación",377,262,-115,-43.89312977099237,1.4389312977099236
2022,Mujer,"Septicemia, excepto neonatal",1918,2314,396,17.11322385479689,0.8288677614520311
2022,Mujer,Suicidios (lesiones autoinfligidas intencionalmente),236,307,71,23.12703583061889,0.7687296416938111
2022,Mujer,Sífilis congénita,1,0,-1,,
2022,Mujer,Trastornos cardiovasculares originados en el periodo perinatal,8,16,8,50.0,0.5
2022,Mujer,"Trastornos de la glandula tiroides, endocrinas y otras metabolicas",828,526,-302,-57.414448669201526,1.5741444866920151
2022,Mujer,"Trastornos de la vesícula biliar, vias biliares y del pancreas",413,682,269,39.44281524926686,0.6055718475073314
2022,Mujer,Trastornos del sistema digestivo del feto y del recien nacido,12,37,25,67.56756756756756,0.32432432432432434
2022,Mujer,Trastornos endocrinos y metabolicos del feto y del recien nacido,19,4,-15,-375.0,4.75
2022,Mujer,Trastornos hemorragicos y hematologicos del feto y del recien nacido,33,34,1,2.941176470588235,0.9705882352941176
2022,Mujer,Trastornos mentales y del comportamiento,662,302,-360,-119.20529801324504,2.19205298013245
2022,Mujer,Trastornos respiratorios específicos del periodo perinatal,164,429,265,61.771561771561764,0.3822843822843823
2022,Mujer,Trastornos respiratorios no especificados,44,131,87,66.41221374045801,0.33587786259541985
2022,Mujer,Tuberculosis,382,752,370,49.202127659574465,0.5079787234042553
2023,Hombre,Accidentes de transporte terrestre,1473,2759,1286,46.61109097499094,0.5338890902500906
2023,Hombre,Accidentes por Ahogamiento y sumersión,78,681,603,88.54625550660793,0.1145374449339207
2023,Hombre,Accidentes por disparo de arma de fuego,22,221,199,90.04524886877829,0.09954751131221719
2023,Hombre,Accidentes por fuerzas de la naturaleza,11,119,108,90.75630252100841,0.09243697478991597
2023,Hombre,Accidentes por fuerzas mecanicas (inanimadas y animadas),6,106,100,94.33962264150944,0.05660377358490566
2023,Hombre,Accidentes por otro tipo de transporte,43,158,115,72.78481012658227,0.2721518987341772
2023,Hombre,Accidentes que obstruyen la respiración,39,2267,2228,98.27966475518306,0.017203352448169385
2023,Hombre,Afecciones de la pleura,139,39,-100,-256.4102564102564,3.5641025641025643
2023,Hombre,"Anemias hemoliticas, aplasticas y otras anemias",410,262,-148,-56.48854961832062,1.5648854961832062
2023,Hombre,Aneurimas,61,160,99,61.875,0.38125
2023,Hombre,"Apendicitis, hernia de la cavidad abdominal y obstrucción intestinal",409,940,531,56.48936170212766,0.4351063829787234
2023,Hombre,Arteriosclerosis,28,16,-12,-75.0,1.75
2023,Hombre,Asma,68,241,173,71.78423236514523,0.2821576763485477
2023,Hombre,Caídas,31,214,183,85.51401869158879,0.14485981308411214
2023,Hombre,Ciertas enfermedades inmunoprevenibles,8,5,-3,-60.0,1.6
2023,Hombre,Ciertas enfermedades transmitidas por vectores y rabia,154,339,185,54.572271386430685,0.45427728613569324
2023,Hombre,Cirrosis y ciertas otras enfermedades crónicas del hígado,2386,5668,3282,57.90402258292167,0.42095977417078334
2023,Hombre,Covid-19,141,510,369,72.35294117647058,0.27647058823529413
2023,Hombre,Defectos de la coagulación en organos hematopoyeticos y trastornos que afectan al mecanismo de la inmunidad,155,196,41,20.918367346938776,0.7908163265306123
2023,Hombre,Deficiencias nutricionales y anemias nutricionales,628,774,146,18.863049095607234,0.8113695090439277
2023,Hombre,Degeneracion de sistemas multiples,60,6,-54,-900.0,10.0
2023,Hombre,Diabetes mellitus,2125,5086,2961,58.21863940228077,0.4178136059771923
2023,Hombre,Edema Pulmonar,119,187,68,36.36363636363637,0.6363636363636364
2023,Hombre,Edema cerebral,230,751,521,69.37416777629826,0.3062583222370173
2023,Hombre,"Embolia, trombosis arteriales y otros trastornos arteriales o arteriolares",146,140,-6,-4.285714285714286,1.042857142857143
2023,Hombre,Encefalitis viral,7,25,18,72.0,0.28
2023,Hombre,"Encefalitis, mielitis y encefalomielitis",39,89,50,56.17977528089888,0.43820224719101125
2023,Hombre,"Enfermedad cardiopulmonar, enfermedades de la circulación pulmonar",105,1262,1157,91.6798732171157,0.0832012678288431
2023,Hombre,Enfermedad de Alzheimer,121,238,117,49.159663865546214,0.5084033613445378
2023,Hombre,Enfermedad del parkinson,242,452,210,46.46017699115044,0.5353982300884956
2023,Hombre,Enfermedad por el VIH (SIDA),636,1333,697,52.288072018004506,0.477119279819955
2023,Hombre,Enfermedad pulmonar intersticial,2127,5610,3483,62.0855614973262,0.379144385026738
2023,Hombre,Enfermedad pulmonar obstructiva cronica (EPOC),457,992,535,53.931451612903224,0.46068548387096775
2023,Hombre,Enfermedades cerebrovasculares,1947,5274,3327,63.08304891922639,0.3691695108077361
2023,Hombre,Enfermedades de la piel,290,447,157,35.123042505592835,0.6487695749440716
2023,Hombre,"Enfermedades del esofago, estomago y del duodeno",304,418,114,27.27272727272727,0.7272727272727273
2023,Hombre,"Enfermedades del peritoneo, peritonitis y otros",253,269,16,5.947955390334572,0.9405204460966543
2023,Hombre,Enfermedades del pulmon debidas a agentes externos,395,165,-230,-139.3939393939394,2.393939393939394
2023,Hombre,Enfermedades del sistema urinario,486,1072,586,54.66417910447762,0.4533582089552239
2023,Hombre,Enfermedades hipertensivas,3233,1671,-1562,-93.47695990424896,1.9347695990424896
2023,Hombre,Enfermedades infecciosas intestinales,103,311,208,66.88102893890675,0.3311897106109325
2023,Hombre,Enfermedades isquémicas del corazón,3936,11659,7723,66.24067244189038,0.33759327558109614
2023,Hombre,"Envenenamientos por, y exposición a sustancias nocivas",8,451,443,98.22616407982262,0.017738359201773836
2023,Hombre,Epilepsia y estado de mal epileptico,266,535,269,50.280373831775705,0.497196261682243
2023,Hombre,Esclerosis multiple,23,32,9,28.125,0.71875
2023,Hombre,"Eventos relacionados al embarazo, parto y puerperio",19,0,-19,,
2023,Hombre,Exposición a la corriente eléctrica,16,178,162,91.01123595505618,0.0898876404494382
2023,Hombre,"Exposición al humo, fuego y llamas",1,167,166,99.40119760479041,0.005988023952095809
2023,Hombre,Feto y recién nacido afectados por ciertas afecciones materna,3,4,1,25.0,0.75
2023,Hombre,Feto y recién nacido afectados por complicaciones obstétrica,11,25,14,56.00000000000001,0.44
2023,Hombre,Fiebre reumática aguda y enfermedades cardíacas reumáticas cronicas,27,48,21,43.75,0.5625
2023,Hombre,"Hemorragia gastrointestinal (hematemesis, melena y las no especificadas)",341,565,224,39.64601769911504,0.6035398230088496
2023,Hombre,Hepatitis B,21,19,-2,-10.526315789473683,1.105263157894737
2023,Hombre,Hiperplasia de próstata,326,366,40,10.92896174863388,0.8907103825136612
2023,Hombre,Homicidios (agresiones infligidas por otra persona),1396,2033,637,31.333005410723068,0.6866699458927693
2023,Hombre,Incidentes ocurridos al paciente durante la atencion medica y quirurgica,20,36,16,44.44444444444444,0.5555555555555556
2023,Hombre,Infecciones especificas del periodo perinatal,107,152,45,29.605263157894733,0.7039473684210527
2023,Hombre,Infecciones respiratorias agudas altas,10,9,-1,-11.11111111111111,1.1111111111111112
2023,Hombre,Infecciones respiratorias agudas bajas,5642,13382,7740,57.83888805858616,0.42161111941413837
2023,Hombre,Insuficiencia cardíaca,881,2056,1175,57.14980544747081,0.4285019455252918
2023,Hombre,"Insuficiencia renal, incluye la aguda, cronica y la no especificadas",2080,3025,945,31.239669421487605,0.687603305785124
2023,Hombre,Insuficiencia respiratoria,2023,2218,195,8.791704238052299,0.912082957619477
2023,Hombre,Las demás causas externas,846,3631,2785,76.70063343431562,0.23299366565684385
2023,Hombre,Lesiones de intención no determinada,1550,829,-721,-86.97225572979494,1.8697225572979492
2023,Hombre,Leucemia,509,1400,891,63.642857142857146,0.36357142857142855
2023,Hombre,"Malformaciones congénitas, deformidades y anomalías cromosomicas",520,1836,1316,71.67755991285402,0.28322440087145967
2023,Hombre,Meningitis,60,143,83,58.04195804195804,0.4195804195804196
2023,Hombre,Neoplasia maligna de colon y de la unión rectosigmoidea,752,1525,773,50.68852459016393,0.49311475409836064
2023,Hombre,Neoplasia maligna de estómago,1278,3371,2093,62.08840106793237,0.37911598932067636
2023,Hombre,Neoplasia maligna de higado y vias biliares,770,1981,1211,61.130742049469966,0.38869257950530034
2023,Hombre,Neoplasia maligna de la glandula tiroides y de otras glandulas endocrinas,77,201,124,61.69154228855721,0.38308457711442784
2023,Hombre,Neoplasia maligna de la mama,13,27,14,51.85185185185185,0.48148148148148145
2023,Hombre,Neoplasia maligna de la piel,230,594,364,61.27946127946128,0.3872053872053872
2023,Hombre,Neoplasia maligna de la próstata,1403,3422,2019,59.00058445353594,0.4099941554646406
2023,Hombre,"Neoplasia maligna de la tráquea, los bronquios y el pulmón",685,1862,1177,63.21160042964554,0.3678839957035446
2023,Hombre,"Neoplasia maligna de los huesos, cartilagos y tejido conjuntivo",174,513,339,66.08187134502924,0.3391812865497076
2023,Hombre,"Neoplasia maligna de los órganos digestivos y del peritoneo, excepto estomago",304,1032,728,70.54263565891473,0.29457364341085274
2023,Hombre,Neoplasia maligna de los órganos genitourinarios,552,1364,812,59.530791788856305,0.4046920821114369
2023,Hombre,"Neoplasia maligna de los órganos respiratorios e intratorácicos, excepto traquea y pulmon",160,390,230,58.97435897435898,0.41025641025641024
2023,Hombre,"Neoplasia maligna de ojo, encefalo y de otras partes del sistema nervioso",370,998,628,62.925851703406806,0.37074148296593185
2023,Hombre,Neoplasia maligna de pancreas,397,1013,616,60.809476801579464,0.39190523198420535
2023,Hombre,"Neoplasia maligna de sitios mal definidos, de comportamiento incierto y los no especificados",724,933,209,22.40085744908896,0.7759914255091104
2023,Hombre,"Neoplasia maligna de tejido linfático, de otros órganos hematopoyeticos",614,1545,931,60.2588996763754,0.39741100323624595
2023,Hombre,Neoplasia maligna del cuello del útero,2,0,-2,,
2023,Hombre,"Neoplasia maligna del labio, de la cavidad bucal y de la faringe",167,408,241,59.068627450980394,0.40931372549019607
2023,Hombre,"Neoplasia maligna del útero, parte no especificada",1,0,-1,,
2023,Hombre,Neoplasia maligna secundaria (metastasis),172,4,-168,-4200.0,43.0
2023,Hombre,Neoplasias benignas,48,59,11,18.64406779661017,0.8135593220338984
2023,Hombre,Otras ciertas afecciones originadas en el periodo perinatal,27,28,1,3.571428571428571,0.9642857142857143
2023,Hombre,Otras enfermedades del sistema circulatorio,805,115,-690,-600.0,7.0
2023,Hombre,Otras enfermedades del sistema digestivo,13,804,791,98.38308457711443,0.01616915422885572
2023,Hombre,"Otras enfermedades del sistema nervioso, excepto meningitis",249,602,353,58.63787375415283,0.41362126245847175
2023,Hombre,Otras enfermedades del sistema respiratorio,124,147,23,15.646258503401361,0.8435374149659864
2023,Hombre,Otras enfermedades infecciosas y parasitarias,238,231,-7,-3.0303030303030303,1.0303030303030303
2023,Hombre,Paro cardiaco,439,510,71,13.92156862745098,0.8607843137254902
2023,Hombre,Resto de las demas enfermedades,11107,461,-10646,-2309.327548806941,24.093275488069413
2023,Hombre,"Retardo del crecimiento fetal, desnutrición fetal, gestación",396,925,529,57.18918918918919,0.4281081081081081
2023,Hombre,"Septicemia, excepto neonatal",1386,2944,1558,52.921195652173914,0.47078804347826086
2023,Hombre,Suicidios (lesiones autoinfligidas intencionalmente),331,670,339,50.59701492537313,0.49402985074626865
2023,Hombre,Sífilis congénita,2,3,1,33.33333333333333,0.6666666666666666
2023,Hombre,Trastornos cardiovasculares originados en el periodo perinatal,11,31,20,64.51612903225806,0.3548387096774194
2023,Hombre,"Trastornos de la glandula tiroides, endocrinas y otras metabolicas",419,479,60,12.526096033402922,0.8747390396659708
2023,Hombre,"Trastornos de la vesícula biliar, vias biliares y del pancreas",295,736,441,59.91847826086957,0.4008152173913043
2023,Hombre,Trastornos del sistema digestivo del feto y del recien nacido,17,78,61,78.2051282051282,0.21794871794871795
2023,Hombre,Trastornos endocrinos y metabolicos del feto y del recien nacido,10,0,-10,,
2023,Hombre,Trastornos hemorragicos y hematologicos del feto y del recien nacido,16,67,51,76.11940298507463,0.23880597014925373
2023,Hombre,Trastornos mentales y del comportamiento,489,122,-367,-300.8196721311475,4.008196721311475
2023,Hombre,Trastornos respiratorios específicos del periodo perinatal,138,375,237,63.2,0.368
2023,Hombre,Trastornos respiratorios no especificados,59,59,0,0.0,1.0
2023,Hombre,Tuberculosis,806,2265,1459,64.41501103752759,0.3558498896247241
2023,Mujer,Accidentes de transporte terrestre,466,824,358,43.44660194174757,0.5655339805825242
2023,Mujer,Accidentes por Ahogamiento y sumersión,27,144,117,81.25,0.1875
2023,Mujer,Accidentes por disparo de arma de fuego,2,28,26,92.85714285714286,0.07142857142857142
2023,Mujer,Accidentes por fuerzas de la naturaleza,13,64,51,79.6875,0.203125
2023,Mujer,Accidentes por fuerzas mecanicas (inanimadas y animadas),2,27,25,92.5925925925926,0.07407407407407407
2023,Mujer,Accidentes por otro tipo de transporte,16,56,40,71.42857142857143,0.2857142857142857
2023,Mujer,Accidentes que obstruyen la respiración,23,1354,1331,98.30132939438701,0.016986706056129987
2023,Mujer,Afecciones de la pleura,146,30,-116,-386.6666666666667,4.866666666666666
2023,Mujer,"Anemias hemoliticas, aplasticas y otras anemias",472,191,-281,-147.12041884816753,2.4712041884816753
2023,Mujer,Aneurimas,47,122,75,61.47540983606557,0.38524590163934425
2023,Mujer,"Apendicitis, hernia de la cavidad abdominal y obstrucción intestinal",365,652,287,44.01840490797546,0.5598159509202454
2023,Mujer,Arteriosclerosis,38,44,6,13.636363636363635,0.8636363636363636
2023,Mujer,Asma,76,193,117,60.62176165803109,0.39378238341968913
2023,Mujer,Caídas,18,59,41,69.49152542372882,0.3050847457627119
2023,Mujer,Ciertas enfermedades inmunoprevenibles,4,3,-1,-33.33333333333333,1.3333333333333333
2023,Mujer,Ciertas enfermedades transmitidas por vectores y rabia,137,269,132,49.07063197026022,0.5092936802973977
2023,Mujer,Cirrosis y ciertas otras enfermedades crónicas del hígado,1456,2634,1178,44.72285497342445,0.5527714502657555
2023,Mujer,Covid-19,106,316,210,66.45569620253164,0.33544303797468356
2023,Mujer,Defectos de la coagulación en organos hematopoyeticos y trastornos que afectan al mecanismo de la inmunidad,129,127,-2,-1.574803149606299,1.015748031496063
2023,Mujer,Deficiencias nutricionales y anemias nutricionales,676,942,266,28.237791932059448,0.7176220806794055
2023,Mujer,Degeneracion de sistemas multiples,63,1,-62,-6200.0,63.0
2023,Mujer,Diabetes mellitus,2193,4233,2040,48.19277108433735,0.5180722891566265
2023,Mujer,Edema Pulmonar,86,87,1,1.1494252873563218,0.9885057471264368
2023,Mujer,Edema cerebral,209,326,117,35.88957055214724,0.6411042944785276
2023,Mujer,"Embolia, trombosis arteriales y otros trastornos arteriales o arteriolares",131,152,21,13.815789473684212,0.8618421052631579
2023,Mujer,Encefalitis viral,12,36,24,66.66666666666666,0.3333333333333333
2023,Mujer,"Encefalitis, mielitis y encefalomielitis",41,86,45,52.32558139534884,0.47674418604651164
2023,Mujer,"Enfermedad cardiopulmonar, enfermedades de la circulación pulmonar",119,1102,983,89.20145190562614,0.10798548094373865
2023,Mujer,Enfermedad de Alzheimer,217,406,189,46.55172413793103,0.5344827586206896
2023,Mujer,Enfermedad del parkinson,166,268,102,38.059701492537314,0.6194029850746269
2023,Mujer,Enfermedad por el VIH (SIDA),184,338,154,45.562130177514796,0.5443786982248521
2023,Mujer,Enfermedad pulmonar intersticial,1994,4651,2657,57.12749946248119,0.42872500537518815
2023,Mujer,Enfermedad pulmonar obstructiva cronica (EPOC),442,862,420,48.72389791183295,0.5127610208816705
2023,Mujer,Enfermedades cerebrovasculares,1908,4332,2424,55.95567867036011,0.4404432132963989
2023,Mujer,Enfermedades de la piel,450,639,189,29.577464788732392,0.704225352112676
2023,Mujer,"Enfermedades del esofago, estomago y del duodeno",343,423,80,18.912529550827422,0.8108747044917257
2023,Mujer,"Enfermedades del peritoneo, peritonitis y otros",228,232,4,1.7241379310344827,0.9827586206896551
2023,Mujer,Enfermedades del pulmon debidas a agentes externos,331,113,-218,-192.92035398230087,2.9292035398230087
2023,Mujer,Enfermedades del sistema urinario,832,1468,636,43.32425068119891,0.5667574931880109
2023,Mujer,Enfermedades hipertensivas,3575,1735,-1840,-106.05187319884726,2.0605187319884726
2023,Mujer,Enfermedades infecciosas intestinales,117,232,115,49.56896551724138,0.5043103448275862
2023,Mujer,Enfermedades isquémicas del corazón,3596,9215,5619,60.97666847531199,0.3902333152468801
2023,Mujer,"Envenenamientos por, y exposición a sustancias nocivas",2,208,206,99.03846153846155,0.009615384615384616
2023,Mujer,Epilepsia y estado de mal epileptico,150,289,139,48.09688581314879,0.5190311418685121
2023,Mujer,Esclerosis multiple,15,16,1,6.25,0.9375
2023,Mujer,"Eventos relacionados al embarazo, parto y puerperio",77,269,192,71.37546468401487,0.2862453531598513
2023,Mujer,Exposición a la corriente eléctrica,5,38,33,86.8421052631579,0.13157894736842105
2023,Mujer,Feto y recién nacido afectados por ciertas afecciones materna,2,4,2,50.0,0.5
2023,Mujer,Feto y recién nacido afectados por complicaciones obstétrica,8,6,-2,-33.33333333333333,1.3333333333333333
2023,Mujer,Fiebre reumática aguda y enfermedades cardíacas reumáticas cronicas,63,64,1,1.5625,0.984375
2023,Mujer,"Hemorragia gastrointestinal (hematemesis, melena y las no especificadas)",242,375,133,35.46666666666667,0.6453333333333333
2023,Mujer,Hepatitis B,14,1,-13,-1300.0,14.0
2023,Mujer,Hiperplasia de próstata,1,0,-1,,
2023,Mujer,Homicidios (agresiones infligidas por otra persona),139,234,95,40.598290598290596,0.594017094017094
2023,Mujer,Incidentes ocurridos al paciente durante la atencion medica y quirurgica,23,42,19,45.23809523809524,0.5476190476190477
2023,Mujer,Infecciones especificas del periodo perinatal,87,111,24,21.62162162162162,0.7837837837837838
2023,Mujer,Infecciones respiratorias agudas altas,20,14,-6,-42.857142857142854,1.4285714285714286
2023,Mujer,Infecciones respiratorias agudas bajas,5564,11701,6137,52.44850867447227,0.47551491325527734
2023,Mujer,Insuficiencia cardíaca,1079,2220,1141,51.39639639639639,0.486036036036036
2023,Mujer,"Insuficiencia renal, incluye la aguda, cronica y la no especificadas",1860,2425,565,23.298969072164947,0.7670103092783506
2023,Mujer,Insuficiencia respiratoria,1861,1997,136,6.810215322984477,0.9318978467701552
2023,Mujer,Las demás causas externas,220,1174,954,81.26064735945485,0.18739352640545145
2023,Mujer,Lesiones de intención no determinada,436,199,-237,-119.09547738693466,2.190954773869347
2023,Mujer,Leucemia,436,1005,569,56.61691542288557,0.4338308457711443
2023,Mujer,"Malformaciones congénitas, deformidades y anomalías cromosomicas",522,1306,784,60.03062787136294,0.3996937212863706
2023,Mujer,Meningitis,30,57,27,47.368421052631575,0.5263157894736842
2023,Mujer,Neoplasia maligna de colon y de la unión rectosigmoidea,764,1339,575,42.94249439880508,0.5705750560119492
2023,Mujer,Neoplasia maligna de estómago,1151,2505,1354,54.051896207584825,0.4594810379241517
2023,Mujer,Neoplasia maligna de higado y vias biliares,1020,2350,1330,56.59574468085107,0.4340425531914894
2023,Mujer,Neoplasia maligna de la glandula tiroides y de otras glandulas endocrinas,198,436,238,54.58715596330275,0.4541284403669725
2023,Mujer,Neoplasia maligna de la mama,1145,2343,1198,51.13102859581733,0.4886897140418267
2023,Mujer,Neoplasia maligna de la piel,204,447,243,54.36241610738255,0.4563758389261745
2023,Mujer,Neoplasia maligna de la próstata,8,0,-8,,
2023,Mujer,"Neoplasia maligna de la tráquea, los bronquios y el pulmón",816,1809,993,54.8922056384743,0.45107794361525705
2023,Mujer,"Neoplasia maligna de los huesos, cartilagos y tejido conjuntivo",130,350,220,62.857142857142854,0.37142857142857144
2023,Mujer,"Neoplasia maligna de los órganos digestivos y del peritoneo, excepto estomago",243,700,457,65.28571428571428,0.34714285714285714
2023,Mujer,Neoplasia maligna de los órganos genitourinarios,754,1585,831,52.429022082018925,0.4757097791798107
2023,Mujer,"Neoplasia maligna de los órganos respiratorios e intratorácicos, excepto traquea y pulmon",98,158,60,37.9746835443038,0.620253164556962
2023,Mujer,"Neoplasia maligna de ojo, encefalo y de otras partes del sistema nervioso",372,749,377,50.33377837116155,0.49666221628838453
2023,Mujer,Neoplasia maligna de pancreas,601,1147,546,47.60244115082825,0.5239755884917175
2023,Mujer,"Neoplasia maligna de sitios mal definidos, de comportamiento incierto y los no especificados",973,914,-59,-6.455142231947483,1.0645514223194747
2023,Mujer,"Neoplasia maligna de tejido linfático, de otros órganos hematopoyeticos",512,1065,553,51.924882629107984,0.4807511737089202
2023,Mujer,Neoplasia maligna del cuello del útero,924,2083,1159,55.6409025444071,0.44359097455592894
2023,Mujer,Neoplasia maligna del cuerpo del útero,241,344,103,29.941860465116278,0.7005813953488372
2023,Mujer,"Neoplasia maligna del labio, de la cavidad bucal y de la faringe",146,290,144,49.6551724137931,0.503448275862069
2023,Mujer,"Neoplasia maligna del útero, parte no especificada",137,654,517,79.0519877675841,0.20948012232415902
2023,Mujer,Neoplasia maligna secundaria (metastasis),194,4,-190,-4750.0,48.5
2023,Mujer,Neoplasias benignas,63,69,6,8.695652173913043,0.9130434782608695
2023,Mujer,Otras ciertas afecciones originadas en el periodo perinatal,20,35,15,42.857142857142854,0.5714285714285714
2023,Mujer,Otras enfermedades del sistema circulatorio,790,97,-693,-714.4329896907217,8.144329896907216
2023,Mujer,Otras enfermedades del sistema digestivo,16,526,510,96.95817490494296,0.030418250950570342
2023,Mujer,"Otras enfermedades del sistema nervioso, excepto meningitis",184,352,168,47.72727272727273,0.5227272727272727
2023,Mujer,Otras enfermedades del sistema respiratorio,108,66,-42,-63.63636363636363,1.6363636363636365
2023,Mujer,Otras enfermedades infecciosas y parasitarias,164,155,-9,-5.806451612903226,1.0580645161290323
2023,Mujer,Paro cardiaco,408,342,-66,-19.298245614035086,1.1929824561403508
2023,Mujer,Resto de las demas enfermedades,10096,762,-9334,-1224.9343832020998,13.249343832020998
2023,Mujer,"Retardo del crecimiento fetal, desnutrición fetal, gestación",305,542,237,43.7269372693727,0.5627306273062731
2023,Mujer,"Septicemia, excepto neonatal",1518,2819,1301,46.15111741752395,0.5384888258247605
2023,Mujer,Suicidios (lesiones autoinfligidas intencionalmente),157,279,122,43.727598566308245,0.5627240143369175
2023,Mujer,Sífilis congénita,1,0,-1,,
2023,Mujer,Trastornos cardiovasculares originados en el periodo perinatal,7,16,9,56.25,0.4375
2023,Mujer,"Trastornos de la glandula tiroides, endocrinas y otras metabolicas",558,500,-58,-11.600000000000001,1.116
2023,Mujer,"Trastornos de la vesícula biliar, vias biliares y del pancreas",358,677,319,47.11964549483013,0.5288035450516987
2023,Mujer,Trastornos del sistema digestivo del feto y del recien nacido,6,25,19,76.0,0.24
2023,Mujer,Trastornos endocrinos y metabolicos del feto y del recien nacido,12,0,-12,,
2023,Mujer,Trastornos hemorragicos y hematologicos del feto y del recien nacido,14,31,17,54.83870967741935,0.45161290322580644
2023,Mujer,Trastornos mentales y del comportamiento,508,109,-399,-366.0550458715596,4.660550458715596
2023,Mujer,Trastornos respiratorios específicos del periodo perinatal,95,192,97,50.520833333333336,0.4947916666666667
2023,Mujer,Trastornos respiratorios no especificados,33,29,-4,-13.793103448275861,1.1379310344827587
2023,Mujer,Tuberculosis,341,831,490,58.96510228640193,0.41034897713598073
2024,Hombre,Accidentes de transporte terrestre,2072,3093,1021,33.01002263174911,0.6698997736825089
2024,Hombre,Accidentes por Ahogamiento y sumersión,74,825,751,91.03030303030303,0.08969696969696969
2024,Hombre,Accidentes por disparo de arma de fuego,9,9,0,0.0,1.0
2024,Hombre,Accidentes por fuerzas de la naturaleza,25,93,68,73.11827956989248,0.26881720430107525
2024,Hombre,Accidentes por fuerzas mecanicas (inanimadas y animadas),8,77,69,89.6103896103896,0.1038961038961039
2024,Hombre,Accidentes por otro tipo de transporte,39,104,65,62.5,0.375
2024,Hombre,Accidentes que obstruyen la respiración,32,1888,1856,98.30508474576271,0.01694915254237288
2024,Hombre,Afecciones de la pleura,201,244,43,17.62295081967213,0.8237704918032787
2024,Hombre,"Anemias hemoliticas, aplasticas y otras anemias",541,232,-309,-133.18965517241378,2.331896551724138
2024,Hombre,Aneurimas,78,155,77,49.67741935483871,0.5032258064516129
2024,Hombre,"Apendicitis, hernia de la cavidad abdominal y obstrucción intestinal",588,1067,479,44.89222118088097,0.5510777881911902
2024,Hombre,Arteriosclerosis,21,14,-7,-50.0,1.5
2024,Hombre,Asma,75,460,385,83.69565217391305,0.16304347826086957
2024,Hombre,Caídas,32,225,193,85.77777777777777,0.14222222222222222
2024,Hombre,Ciertas enfermedades inmunoprevenibles,12,9,-3,-33.33333333333333,1.3333333333333333
2024,Hombre,Ciertas enfermedades transmitidas por vectores y rabia,144,300,156,52.0,0.48
2024,Hombre,Cirrosis y ciertas otras enfermedades crónicas del hígado,3054,5760,2706,46.979166666666664,0.5302083333333333
2024,Hombre,Covid-19,69,157,88,56.05095541401274,0.4394904458598726
2024,Hombre,Defectos de la coagulación en organos hematopoyeticos y trastornos que afectan al mecanismo de la inmunidad,197,212,15,7.0754716981132075,0.9292452830188679
2024,Hombre,Deficiencias nutricionales y anemias nutricionales,823,555,-268,-48.28828828828829,1.4828828828828828
2024,Hombre,Degeneracion de sistemas multiples,94,0,-94,,
2024,Hombre,Diabetes mellitus,2939,5333,2394,44.89030564410276,0.5510969435589724
2024,Hombre,Edema Pulmonar,159,265,106,40.0,0.6
2024,Hombre,Edema cerebral,269,938,669,71.32196162046908,0.2867803837953092
2024,Hombre,"Embolia, trombosis arteriales y otros trastornos arteriales o arteriolares",188,174,-14,-8.045977011494253,1.0804597701149425
2024,Hombre,Encefalitis viral,7,39,32,82.05128205128204,0.1794871794871795
2024,Hombre,"Encefalitis, mielitis y encefalomielitis",47,95,48,50.526315789473685,0.49473684210526314
2024,Hombre,"Enfermedad cardiopulmonar, enfermedades de la circulación pulmonar",124,1592,1468,92.21105527638191,0.07788944723618091
2024,Hombre,Enfermedad de Alzheimer,156,361,205,56.78670360110804,0.43213296398891965
2024,Hombre,Enfermedad del parkinson,345,545,200,36.69724770642202,0.6330275229357798
2024,Hombre,Enfermedad por el VIH (SIDA),798,1321,523,39.59121877365632,0.6040878122634368
2024,Hombre,Enfermedad pulmonar intersticial,2700,5843,3143,53.79086085914769,0.462091391408523
2024,Hombre,Enfermedad pulmonar obstructiva cronica (EPOC),535,945,410,43.386243386243386,0.5661375661375662
2024,Hombre,Enfermedades cerebrovasculares,2603,6308,3705,58.734939759036145,0.4126506024096386
2024,Hombre,Enfermedades de la piel,359,685,326,47.59124087591241,0.5240875912408759
2024,Hombre,"Enfermedades del esofago, estomago y del duodeno",312,382,70,18.32460732984293,0.8167539267015707
2024,Hombre,"Enfermedades del peritoneo, peritonitis y otros",288,546,258,47.25274725274725,0.5274725274725275
2024,Hombre,Enfermedades del pulmon debidas a agentes externos,407,113,-294,-260.17699115044246,3.601769911504425
2024,Hombre,Enfermedades del sistema urinario,565,1091,526,48.212648945921174,0.5178735105407882
2024,Hombre,Enfermedades hipertensivas,4260,1554,-2706,-174.13127413127413,2.741312741312741
2024,Hombre,Enfermedades infecciosas intestinales,120,309,189,61.165048543689316,0.3883495145631068
2024,Hombre,Enfermedades isquémicas del corazón,4993,12479,7486,59.988781152335925,0.40011218847664076
2024,Hombre,"Envenenamientos por, y exposición a sustancias nocivas",7,393,386,98.21882951653944,0.017811704834605598
2024,Hombre,Epilepsia y estado de mal epileptico,351,630,279,44.285714285714285,0.5571428571428572
2024,Hombre,Esclerosis multiple,25,29,4,13.793103448275861,0.8620689655172413
2024,Hombre,"Eventos relacionados al embarazo, parto y puerperio",16,0,-16,,
2024,Hombre,Exposición a la corriente eléctrica,15,141,126,89.36170212765957,0.10638297872340426
2024,Hombre,"Exposición al humo, fuego y llamas",2,198,196,98.98989898989899,0.010101010101010102
2024,Hombre,Feto y recién nacido afectados por ciertas afecciones materna,10,8,-2,-25.0,1.25
2024,Hombre,Feto y recién nacido afectados por complicaciones obstétrica,12,18,6,33.33333333333333,0.6666666666666666
2024,Hombre,Fiebre reumática aguda y enfermedades cardíacas reumáticas cronicas,40,60,20,33.33333333333333,0.6666666666666666
2024,Hombre,"Hemorragia gastrointestinal (hematemesis, melena y las no especificadas)",417,660,243,36.81818181818181,0.6318181818181818
2024,Hombre,Hepatitis B,33,29,-4,-13.793103448275861,1.1379310344827587
2024,Hombre,Hiperplasia de próstata,331,301,-30,-9.966777408637874,1.0996677740863787
2024,Hombre,Homicidios (agresiones infligidas por otra persona),1871,2752,881,32.013081395348834,0.6798691860465116
2024,Hombre,Incidentes ocurridos al paciente durante la atencion medica y quirurgica,18,111,93,83.78378378378379,0.16216216216216217
2024,Hombre,Infecciones especificas del periodo perinatal,142,509,367,72.10216110019645,0.27897838899803534
2024,Hombre,Infecciones respiratorias agudas altas,22,36,14,38.88888888888889,0.6111111111111112
2024,Hombre,Infecciones respiratorias agudas bajas,6657,13615,6958,51.10539845758355,0.48894601542416455
2024,Hombre,Insuficiencia cardíaca,1130,1578,448,28.39036755386565,0.7160963244613435
2024,Hombre,"Insuficiencia renal, incluye la aguda, cronica y la no especificadas",2612,2854,242,8.479327259985984,0.9152067274001402
2024,Hombre,Insuficiencia respiratoria,2487,1227,-1260,-102.68948655256725,2.0268948655256724
2024,Hombre,Las demás causas externas,1239,3769,2530,67.12655876890422,0.3287344123109578
2024,Hombre,Lesiones de intención no determinada,1677,180,-1497,-831.6666666666666,9.316666666666666
2024,Hombre,Leucemia,618,1294,676,52.24111282843895,0.4775888717156105
2024,Hombre,"Malformaciones congénitas, deformidades y anomalías cromosomicas",627,1504,877,58.31117021276596,0.41688829787234044
2024,Hombre,Meningitis,76,133,57,42.857142857142854,0.5714285714285714
2024,Hombre,Neoplasia maligna de colon y de la unión rectosigmoidea,855,1451,596,41.075120606478286,0.5892487939352171
2024,Hombre,Neoplasia maligna de estómago,1568,3416,1848,54.09836065573771,0.45901639344262296
2024,Hombre,Neoplasia maligna de higado y vias biliares,978,2202,1224,55.5858310626703,0.444141689373297
2024,Hombre,Neoplasia maligna de la glandula tiroides y de otras glandulas endocrinas,100,227,127,55.947136563876654,0.44052863436123346
2024,Hombre,Neoplasia maligna de la mama,5,12,7,58.333333333333336,0.4166666666666667
2024,Hombre,Neoplasia maligna de la piel,266,558,292,52.32974910394266,0.4767025089605735
2024,Hombre,Neoplasia maligna de la próstata,1794,3604,1810,50.22197558268591,0.49778024417314093
2024,Hombre,"Neoplasia maligna de la tráquea, los bronquios y el pulmón",921,2110,1189,56.350710900473935,0.4364928909952607
2024,Hombre,"Neoplasia maligna de los huesos, cartilagos y tejido conjuntivo",233,683,450,65.88579795021961,0.3411420204978038
2024,Hombre,"Neoplasia maligna de los órganos digestivos y del peritoneo, excepto estomago",270,918,648,70.58823529411765,0.29411764705882354
2024,Hombre,Neoplasia maligna de los órganos genitourinarios,675,1418,743,52.39774330042313,0.47602256699576867
2024,Hombre,"Neoplasia maligna de los órganos respiratorios e intratorácicos, excepto traquea y pulmon",196,405,209,51.60493827160494,0.4839506172839506
2024,Hombre,"Neoplasia maligna de ojo, encefalo y de otras partes del sistema nervioso",482,1192,710,59.56375838926174,0.40436241610738255
2024,Hombre,Neoplasia maligna de pancreas,571,1202,631,52.495840266222956,0.4750415973377704
2024,Hombre,"Neoplasia maligna de sitios mal definidos, de comportamiento incierto y los no especificados",993,479,-514,-107.30688935281837,2.0730688935281836
2024,Hombre,"Neoplasia maligna de tejido linfático, de otros órganos hematopoyeticos",791,1650,859,52.06060606060606,0.4793939393939394
2024,Hombre,Neoplasia maligna del cuello del útero,1,0,-1,,
2024,Hombre,Neoplasia maligna del cuerpo del útero,1,0,-1,,
2024,Hombre,"Neoplasia maligna del labio, de la cavidad bucal y de la faringe",197,387,190,49.09560723514212,0.5090439276485789
2024,Hombre,Neoplasia maligna secundaria (metastasis),172,46,-126,-273.9130434782609,3.739130434782609
2024,Hombre,Neoplasias benignas,68,39,-29,-74.35897435897436,1.7435897435897436
2024,Hombre,Otras ciertas afecciones originadas en el periodo perinatal,41,72,31,43.05555555555556,0.5694444444444444
2024,Hombre,Otras enfermedades del sistema circulatorio,1122,158,-964,-610.126582278481,7.10126582278481
2024,Hombre,Otras enfermedades del sistema digestivo,24,662,638,96.37462235649546,0.03625377643504532
2024,Hombre,"Otras enfermedades del sistema nervioso, excepto meningitis",318,663,345,52.03619909502263,0.4796380090497738
2024,Hombre,Otras enfermedades del sistema respiratorio,151,221,70,31.674208144796378,0.6832579185520362
2024,Hombre,Otras enfermedades infecciosas y parasitarias,306,294,-12,-4.081632653061225,1.0408163265306123
2024,Hombre,Paro cardiaco,392,409,17,4.156479217603912,0.9584352078239609
2024,Hombre,Resto de las demas enfermedades,14038,601,-13437,-2235.773710482529,23.35773710482529
2024,Hombre,"Retardo del crecimiento fetal, desnutrición fetal, gestación",506,417,-89,-21.34292565947242,1.2134292565947242
2024,Hombre,"Septicemia, excepto neonatal",1928,3200,1272,39.75,0.6025
2024,Hombre,Suicidios (lesiones autoinfligidas intencionalmente),497,724,227,31.353591160220994,0.68646408839779
2024,Hombre,Trastornos cardiovasculares originados en el periodo perinatal,6,21,15,71.42857142857143,0.2857142857142857
2024,Hombre,"Trastornos de la glandula tiroides, endocrinas y otras metabolicas",524,342,-182,-53.216374269005854,1.5321637426900585
2024,Hombre,"Trastornos de la vesícula biliar, vias biliares y del pancreas",385,802,417,51.99501246882793,0.4800498753117207
2024,Hombre,Trastornos del sistema digestivo del feto y del recien nacido,23,102,79,77.45098039215686,0.22549019607843138
2024,Hombre,Trastornos endocrinos y metabolicos del feto y del recien nacido,21,1,-20,-2000.0,21.0
2024,Hombre,Trastornos hemorragicos y hematologicos del feto y del recien nacido,29,63,34,53.96825396825397,0.4603174603174603
2024,Hombre,Trastornos mentales y del comportamiento,706,204,-502,-246.07843137254903,3.4607843137254903
2024,Hombre,Trastornos respiratorios específicos del periodo perinatal,148,808,660,81.68316831683168,0.18316831683168316
2024,Hombre,Trastornos respiratorios no especificados,40,225,185,82.22222222222221,0.17777777777777778
2024,Hombre,Tuberculosis,940,2200,1260,57.27272727272727,0.42727272727272725
2024,Mujer,Accidentes de transporte terrestre,664,950,286,30.105263157894736,0.6989473684210527
2024,Mujer,Accidentes por Ahogamiento y sumersión,23,189,166,87.83068783068782,0.12169312169312169
2024,Mujer,Accidentes por disparo de arma de fuego,2,2,0,0.0,1.0
2024,Mujer,Accidentes por fuerzas de la naturaleza,17,56,39,69.64285714285714,0.30357142857142855
2024,Mujer,Accidentes por fuerzas mecanicas (inanimadas y animadas),3,25,22,88.0,0.12
2024,Mujer,Accidentes por otro tipo de transporte,12,51,39,76.47058823529412,0.23529411764705882
2024,Mujer,Accidentes que obstruyen la respiración,17,1138,1121,98.50615114235501,0.014938488576449912
2024,Mujer,Afecciones de la pleura,162,200,38,19.0,0.81
2024,Mujer,"Anemias hemoliticas, aplasticas y otras anemias",557,197,-360,-182.74111675126903,2.8274111675126905
2024,Mujer,Aneurimas,73,120,47,39.166666666666664,0.6083333333333333
2024,Mujer,"Apendicitis, hernia de la cavidad abdominal y obstrucción intestinal",423,725,302,41.6551724137931,0.5834482758620689
2024,Mujer,Arteriosclerosis,25,14,-11,-78.57142857142857,1.7857142857142858
2024,Mujer,Asma,91,394,303,76.90355329949239,0.23096446700507614
2024,Mujer,Caídas,15,44,29,65.9090909090909,0.3409090909090909
2024,Mujer,Ciertas enfermedades inmunoprevenibles,3,4,1,25.0,0.75
2024,Mujer,Ciertas enfermedades transmitidas por vectores y rabia,118,238,120,50.42016806722689,0.4957983193277311
2024,Mujer,Cirrosis y ciertas otras enfermedades crónicas del hígado,1756,2650,894,33.735849056603776,0.6626415094339623
2024,Mujer,Covid-19,52,100,48,48.0,0.52
2024,Mujer,Defectos de la coagulación en organos hematopoyeticos y trastornos que afectan al mecanismo de la inmunidad,159,117,-42,-35.8974358974359,1.358974358974359
2024,Mujer,Deficiencias nutricionales y anemias nutricionales,825,524,-301,-57.44274809160306,1.5744274809160306
2024,Mujer,Degeneracion de sistemas multiples,81,0,-81,,
2024,Mujer,Diabetes mellitus,2828,4219,1391,32.969898080113765,0.6703010191988623
2024,Mujer,Edema Pulmonar,84,141,57,40.42553191489361,0.5957446808510638
2024,Mujer,Edema cerebral,179,401,222,55.36159600997507,0.4463840399002494
2024,Mujer,"Embolia, trombosis arteriales y otros trastornos arteriales o arteriolares",204,179,-25,-13.966480446927374,1.1396648044692737
2024,Mujer,Encefalitis viral,11,24,13,54.166666666666664,0.4583333333333333
2024,Mujer,"Encefalitis, mielitis y encefalomielitis",37,74,37,50.0,0.5
2024,Mujer,"Enfermedad cardiopulmonar, enfermedades de la circulación pulmonar",127,1444,1317,91.20498614958449,0.08795013850415513
2024,Mujer,Enfermedad de Alzheimer,264,636,372,58.490566037735846,0.41509433962264153
2024,Mujer,Enfermedad del parkinson,223,330,107,32.42424242424242,0.6757575757575758
2024,Mujer,Enfermedad por el VIH (SIDA),198,302,104,34.437086092715234,0.6556291390728477
2024,Mujer,Enfermedad pulmonar intersticial,2377,4782,2405,50.29276453366792,0.4970723546633208
2024,Mujer,Enfermedad pulmonar obstructiva cronica (EPOC),499,810,311,38.39506172839506,0.6160493827160494
2024,Mujer,Enfermedades cerebrovasculares,2607,5674,3067,54.05357772294678,0.4594642227705322
2024,Mujer,Enfermedades de la piel,508,793,285,35.93947036569987,0.6406052963430012
2024,Mujer,"Enfermedades del esofago, estomago y del duodeno",380,366,-14,-3.825136612021858,1.0382513661202186
2024,Mujer,"Enfermedades del peritoneo, peritonitis y otros",257,354,97,27.401129943502823,0.7259887005649718
2024,Mujer,Enfermedades del pulmon debidas a agentes externos,356,30,-326,-1086.6666666666667,11.866666666666667
2024,Mujer,Enfermedades del sistema urinario,912,1637,725,44.28833231521075,0.5571166768478925
2024,Mujer,Enfermedades hipertensivas,4574,1595,-2979,-186.77115987460814,2.8677115987460815
2024,Mujer,Enfermedades infecciosas intestinales,117,294,177,60.204081632653065,0.3979591836734694
2024,Mujer,Enfermedades isquémicas del corazón,4308,9834,5526,56.1928004881025,0.438071995118975
2024,Mujer,"Envenenamientos por, y exposición a sustancias nocivas",3,202,199,98.51485148514851,0.01485148514851485
2024,Mujer,Epilepsia y estado de mal epileptico,205,334,129,38.622754491017965,0.6137724550898204
2024,Mujer,Esclerosis multiple,40,34,-6,-17.647058823529413,1.1764705882352942
2024,Mujer,"Eventos relacionados al embarazo, parto y puerperio",96,205,109,53.170731707317074,0.4682926829268293
2024,Mujer,Exposición a la corriente eléctrica,2,24,22,91.66666666666666,0.08333333333333333
2024,Mujer,Feto y recién nacido afectados por ciertas afecciones materna,4,0,-4,,
2024,Mujer,Feto y recién nacido afectados por complicaciones obstétrica,13,7,-6,-85.71428571428571,1.8571428571428572
2024,Mujer,Fiebre reumática aguda y enfermedades cardíacas reumáticas cronicas,55,91,36,39.56043956043956,0.6043956043956044
2024,Mujer,"Hemorragia gastrointestinal (hematemesis, melena y las no especificadas)",285,391,106,27.10997442455243,0.7289002557544757
2024,Mujer,Hepatitis B,16,8,-8,-100.0,2.0
2024,Mujer,Homicidios (agresiones infligidas por otra persona),221,296,75,25.33783783783784,0.7466216216216216
2024,Mujer,Incidentes ocurridos al paciente durante la atencion medica y quirurgica,18,64,46,71.875,0.28125
2024,Mujer,Infecciones especificas del periodo perinatal,76,251,175,69.7211155378486,0.30278884462151395
2024,Mujer,Infecciones respiratorias agudas altas,19,22,3,13.636363636363635,0.8636363636363636
2024,Mujer,Infecciones respiratorias agudas bajas,6299,11827,5528,46.74050900481948,0.5325949099518051
2024,Mujer,Insuficiencia cardíaca,1263,1648,385,23.361650485436893,0.7663834951456311
2024,Mujer,"Insuficiencia renal, incluye la aguda, cronica y la no especificadas",2220,2231,11,0.49305244285073957,0.9950694755714926
2024,Mujer,Insuficiencia respiratoria,2341,1030,-1311,-127.28155339805825,2.2728155339805824
2024,Mujer,Las demás causas externas,285,1230,945,76.82926829268293,0.23170731707317074
2024,Mujer,Lesiones de intención no determinada,464,44,-420,-954.5454545454545,10.545454545454545
2024,Mujer,Leucemia,551,1005,454,45.17412935323383,0.5482587064676617
2024,Mujer,"Malformaciones congénitas, deformidades y anomalías cromosomicas",620,1082,462,42.69870609981516,0.5730129390018485
2024,Mujer,Meningitis,56,100,44,44.0,0.56
2024,Mujer,Neoplasia maligna de colon y de la unión rectosigmoidea,1018,1581,563,35.610373181530676,0.6438962681846933
2024,Mujer,Neoplasia maligna de estómago,1434,2538,1104,43.498817966903076,0.5650118203309693
2024,Mujer,Neoplasia maligna de higado y vias biliares,1305,2380,1075,45.168067226890756,0.5483193277310925
2024,Mujer,Neoplasia maligna de la glandula tiroides y de otras glandulas endocrinas,211,432,221,51.157407407407405,0.48842592592592593
2024,Mujer,Neoplasia maligna de la mama,1467,2544,1077,42.33490566037736,0.5766509433962265
2024,Mujer,Neoplasia maligna de la piel,250,473,223,47.14587737843552,0.5285412262156448
2024,Mujer,Neoplasia maligna de la próstata,3,0,-3,,
2024,Mujer,"Neoplasia maligna de la tráquea, los bronquios y el pulmón",1031,2107,1076,51.06786900806834,0.48932130991931655
2024,Mujer,"Neoplasia maligna de los huesos, cartilagos y tejido conjuntivo",221,512,291,56.8359375,0.431640625
2024,Mujer,"Neoplasia maligna de los órganos digestivos y del peritoneo, excepto estomago",196,648,452,69.75308641975309,0.30246913580246915
2024,Mujer,Neoplasia maligna de los órganos genitourinarios,1011,1803,792,43.92678868552412,0.5607321131447587
2024,Mujer,"Neoplasia maligna de los órganos respiratorios e intratorácicos, excepto traquea y pulmon",108,185,77,41.62162162162162,0.5837837837837838
2024,Mujer,"Neoplasia maligna de ojo, encefalo y de otras partes del sistema nervioso",408,840,432,51.42857142857142,0.4857142857142857
2024,Mujer,Neoplasia maligna de pancreas,806,1392,586,42.09770114942529,0.5790229885057471
2024,Mujer,"Neoplasia maligna de sitios mal definidos, de comportamiento incierto y los no especificados",1241,457,-784,-171.55361050328227,2.7155361050328226
2024,Mujer,"Neoplasia maligna de tejido linfático, de otros órganos hematopoyeticos",594,1053,459,43.58974358974359,0.5641025641025641
2024,Mujer,Neoplasia maligna del cuello del útero,1226,2257,1031,45.68010633584404,0.5431989366415596
2024,Mujer,Neoplasia maligna del cuerpo del útero,312,508,196,38.582677165354326,0.6141732283464567
2024,Mujer,"Neoplasia maligna del labio, de la cavidad bucal y de la faringe",223,381,158,41.46981627296588,0.5853018372703412
2024,Mujer,"Neoplasia maligna del útero, parte no especificada",140,344,204,59.30232558139535,0.4069767441860465
2024,Mujer,Neoplasia maligna secundaria (metastasis),215,63,-152,-241.26984126984127,3.4126984126984126
2024,Mujer,Neoplasias benignas,88,33,-55,-166.66666666666669,2.6666666666666665
2024,Mujer,Otras ciertas afecciones originadas en el periodo perinatal,27,53,26,49.056603773584904,0.5094339622641509
2024,Mujer,Otras enfermedades del sistema circulatorio,1068,170,-898,-528.2352941176471,6.2823529411764705
2024,Mujer,Otras enfermedades del sistema digestivo,14,543,529,97.42173112338858,0.02578268876611418
2024,Mujer,"Otras enfermedades del sistema nervioso, excepto meningitis",209,496,287,57.86290322580645,0.4213709677419355
2024,Mujer,Otras enfermedades del sistema respiratorio,123,159,36,22.641509433962266,0.7735849056603774
2024,Mujer,Otras enfermedades infecciosas y parasitarias,204,193,-11,-5.699481865284974,1.0569948186528497
2024,Mujer,Paro cardiaco,392,348,-44,-12.643678160919542,1.1264367816091954
2024,Mujer,Resto de las demas enfermedades,12282,1027,-11255,-1095.9104186952288,11.959104186952288
2024,Mujer,"Retardo del crecimiento fetal, desnutrición fetal, gestación",398,260,-138,-53.07692307692308,1.5307692307692307
2024,Mujer,"Septicemia, excepto neonatal",1824,2827,1003,35.47930668553237,0.6452069331446764
2024,Mujer,Suicidios (lesiones autoinfligidas intencionalmente),294,373,79,21.179624664879356,0.7882037533512064
2024,Mujer,Sífilis congénita,4,7,3,42.857142857142854,0.5714285714285714
2024,Mujer,Trastornos cardiovasculares originados en el periodo perinatal,3,18,15,83.33333333333334,0.16666666666666666
2024,Mujer,"Trastornos de la glandula tiroides, endocrinas y otras metabolicas",736,367,-369,-100.5449591280654,2.005449591280654
2024,Mujer,"Trastornos de la vesícula biliar, vias biliares y del pancreas",437,735,298,40.54421768707483,0.5945578231292517
2024,Mujer,Trastornos del sistema digestivo del feto y del recien nacido,10,38,28,73.68421052631578,0.2631578947368421
2024,Mujer,Trastornos endocrinos y metabolicos del feto y del recien nacido,25,0,-25,,
2024,Mujer,Trastornos hemorragicos y hematologicos del feto y del recien nacido,23,46,23,50.0,0.5
2024,Mujer,Trastornos mentales y del comportamiento,758,199,-559,-280.9045226130653,3.809045226130653
2024,Mujer,Trastornos respiratorios específicos del periodo perinatal,129,565,436,77.16814159292036,0.22831858407079647
2024,Mujer,Trastornos respiratorios no especificados,37,138,101,73.18840579710145,0.26811594202898553
2024,Mujer,Tuberculosis,400,748,348,46.524064171122994,0.5347593582887701
